TYP;Id_Men;Id_Pers;Sexe;Age;Dipl
T3;1;1;2;32;A
T3;1;2;1;0;Z
T3;2;3;2;22;Z
T3;2;4;2;21;Z
T3;3;5;2;32;C
T3;3;6;1;17;Z
T3;4;7;2;47;B
T3;4;8;1;30;D
T3;5;9;1;38;C
T3;5;10;1;17;Z
T3;6;11;1;58;D
T3;6;12;2;2;Z
T3;7;13;2;46;A
T3;7;14;1;4;Z
T3;8;15;2;34;D
T3;8;16;1;1;Z
T3;9;17;2;61;A
T3;9;18;1;2;Z
T3;10;19;2;30;D
T3;10;20;1;1;Z
T3;11;21;2;28;Z
T3;11;22;2;15;Z
T3;12;23;2;30;B
T3;12;24;1;17;Z
T3;13;25;2;34;D
T3;13;26;1;18;Z
T3;14;27;2;31;D
T3;14;28;1;15;Z
T3;15;29;2;49;B
T3;15;30;1;3;Z
T3;16;31;1;29;Z
T3;16;32;2;25;Z
T3;17;33;2;46;D
T3;17;34;2;7;Z
T3;18;35;2;32;D
T3;18;36;1;0;Z
T3;19;37;2;56;D
T3;19;38;2;9;Z
T3;20;39;1;35;B
T3;20;40;1;27;Z
T3;21;41;1;52;D
T3;21;42;1;21;Z
T3;22;43;2;22;Z
T3;22;44;1;12;Z
T3;23;45;1;45;B
T3;23;46;2;29;Z
T3;24;47;2;33;C
T3;24;48;2;8;Z
T3;25;49;2;31;C
T3;25;50;2;31;B
T3;26;51;2;42;B
T3;26;52;1;8;Z
T3;27;53;2;34;B
T3;27;54;1;0;Z
T3;28;55;2;33;D
T3;28;56;2;6;Z
T3;29;57;2;47;D
T3;29;58;1;17;Z
T3;30;59;2;42;A
T3;30;60;2;24;Z
T3;31;61;2;51;D
T3;31;62;1;17;Z
T3;32;63;2;49;B
T3;32;64;1;3;Z
T3;33;65;2;21;Z
T3;33;66;2;22;Z
T3;34;67;2;24;Z
T3;34;68;1;11;Z
T3;35;69;2;43;D
T3;35;70;2;5;Z
T3;36;71;2;24;Z
T3;36;72;2;17;Z
T3;37;73;2;33;C
T3;37;74;1;0;Z
T3;38;75;1;43;D
T3;38;76;2;23;Z
T3;39;77;2;54;B
T3;39;78;1;41;D
T3;40;79;2;37;D
T3;40;80;1;27;Z
T3;41;81;2;24;Z
T3;41;82;2;19;Z
T3;42;83;1;36;D
T3;42;84;1;0;Z
T3;43;85;2;41;A
T3;43;86;1;8;Z
T3;44;87;1;31;B
T3;44;88;2;17;Z
T3;45;89;2;34;B
T3;45;90;2;33;D
T3;46;91;2;52;C
T3;46;92;2;16;Z
T3;47;93;2;23;Z
T3;47;94;1;4;Z
T3;48;95;2;32;C
T3;48;96;2;7;Z
T3;49;97;2;46;C
T3;49;98;1;14;Z
T3;50;99;1;59;D
T3;50;100;2;20;Z
T3;51;101;2;33;D
T3;51;102;1;16;Z
T3;52;103;2;22;Z
T3;52;104;1;0;Z
T3;53;105;2;49;C
T3;53;106;1;0;Z
T3;54;107;2;20;Z
T3;54;108;1;16;Z
T3;55;109;2;47;B
T3;55;110;1;20;Z
T3;56;111;2;56;D
T3;56;112;1;3;Z
T3;57;113;2;20;Z
T3;57;114;1;16;Z
T3;58;115;2;33;D
T3;58;116;2;1;Z
T3;59;117;2;29;Z
T3;59;118;1;1;Z
T3;60;119;1;55;D
T3;60;120;2;13;Z
T3;61;121;2;41;B
T3;61;122;1;7;Z
T3;62;123;2;29;Z
T3;62;124;1;18;Z
T3;63;125;2;43;A
T3;63;126;1;12;Z
T3;64;127;2;25;Z
T3;64;128;1;2;Z
T3;65;129;2;46;B
T3;65;130;1;11;Z
T3;66;131;2;25;Z
T3;66;132;1;0;Z
T3;67;133;2;30;C
T3;67;134;2;8;Z
T3;68;135;2;24;Z
T3;68;136;1;30;C
T3;69;137;2;30;B
T3;69;138;1;24;Z
T3;70;139;2;32;D
T3;70;140;1;3;Z
T3;71;141;2;30;D
T3;71;142;2;24;Z
T3;72;143;2;54;A
T3;72;144;2;9;Z
T3;73;145;2;21;Z
T3;73;146;1;1;Z
T3;74;147;1;33;B
T3;74;148;2;5;Z
T3;75;149;2;34;D
T3;75;150;1;3;Z
T3;76;151;2;47;D
T3;76;152;1;9;Z
T3;77;153;2;24;Z
T3;77;154;1;23;Z
T3;78;155;2;31;D
T3;78;156;2;18;Z
T3;79;157;2;25;Z
T3;79;158;1;14;Z
T3;80;159;2;35;D
T3;80;160;1;22;Z
T3;81;161;2;36;D
T3;81;162;1;6;Z
T3;82;163;2;28;Z
T3;82;164;2;13;Z
T3;83;165;2;31;A
T3;83;166;2;22;Z
T3;84;167;1;30;D
T3;84;168;2;19;Z
T3;85;169;2;54;A
T3;85;170;2;16;Z
T3;86;171;2;48;D
T3;86;172;1;4;Z
T3;87;173;2;26;Z
T3;87;174;1;10;Z
T3;88;175;2;30;B
T3;88;176;1;2;Z
T3;89;177;2;34;C
T3;89;178;2;3;Z
T3;90;179;1;58;D
T3;90;180;1;15;Z
T3;91;181;2;21;Z
T3;91;182;1;20;Z
T3;92;183;2;52;B
T3;92;184;2;32;A
T3;93;185;2;60;B
T3;93;186;1;19;Z
T3;94;187;2;48;C
T3;94;188;2;4;Z
T3;95;189;2;38;D
T3;95;190;1;22;Z
T3;96;191;2;27;Z
T3;96;192;2;1;Z
T3;97;193;2;26;Z
T3;97;194;2;24;Z
T3;98;195;2;34;D
T3;98;196;2;17;Z
T3;99;197;2;45;D
T3;99;198;1;3;Z
T3;100;199;2;38;D
T3;100;200;2;20;Z
T3;101;201;1;38;C
T3;101;202;2;2;Z
T3;102;203;2;24;Z
T3;102;204;1;12;Z
T3;103;205;2;26;Z
T3;103;206;2;24;Z
T3;104;207;2;22;Z
T3;104;208;1;13;Z
T3;105;209;2;36;D
T3;105;210;2;3;Z
T3;106;211;2;25;Z
T3;106;212;2;2;Z
T3;107;213;2;46;D
T3;107;214;2;17;Z
T3;108;215;2;45;A
T3;108;216;2;12;Z
T3;109;217;2;26;Z
T3;109;218;1;5;Z
T3;110;219;1;35;C
T3;110;220;1;2;Z
T3;111;221;2;29;Z
T3;111;222;1;22;Z
T3;112;223;2;44;B
T3;112;224;1;10;Z
T3;113;225;2;49;D
T3;113;226;2;20;Z
T3;114;227;1;42;B
T3;114;228;1;8;Z
T3;115;229;2;31;B
T3;115;230;2;18;Z
T3;116;231;2;53;B
T3;116;232;1;41;C
T3;117;233;2;47;C
T3;117;234;2;20;Z
T3;118;235;1;40;C
T3;118;236;2;9;Z
T3;119;237;1;34;C
T3;119;238;2;17;Z
T3;120;239;1;39;D
T3;120;240;2;34;B
T3;121;241;2;23;Z
T3;121;242;1;0;Z
T3;122;243;2;31;D
T3;122;244;1;28;Z
T3;123;245;1;43;A
T3;123;246;1;19;Z
T3;124;247;2;45;B
T3;124;248;1;4;Z
T3;125;249;1;27;Z
T3;125;250;1;4;Z
T3;126;251;2;47;D
T3;126;252;1;2;Z
T3;127;253;2;43;D
T3;127;254;2;24;Z
T3;128;255;2;48;B
T3;128;256;1;12;Z
T3;129;257;1;49;D
T3;129;258;1;16;Z
T3;130;259;2;46;D
T3;130;260;1;19;Z
T3;131;261;2;50;D
T3;131;262;1;9;Z
T3;132;263;2;47;D
T3;132;264;2;20;Z
T3;133;265;2;44;A
T3;133;266;1;11;Z
T3;134;267;2;40;C
T3;134;268;1;2;Z
T3;135;269;2;21;Z
T3;135;270;2;5;Z
T3;136;271;2;52;C
T3;136;272;2;17;Z
T3;137;273;2;30;C
T3;137;274;2;3;Z
T3;138;275;2;49;D
T3;138;276;1;24;Z
T3;139;277;2;32;B
T3;139;278;2;19;Z
T3;140;279;1;50;B
T3;140;280;2;0;Z
T3;141;281;2;31;D
T3;141;282;1;4;Z
T3;142;283;1;39;D
T3;142;284;1;3;Z
T3;143;285;1;54;D
T3;143;286;1;22;Z
T3;144;287;2;20;Z
T3;144;288;1;19;Z
T3;145;289;2;59;D
T3;145;290;1;19;Z
T3;146;291;2;49;C
T3;146;292;2;10;Z
T3;147;293;2;31;D
T3;147;294;1;33;A
T3;148;295;2;38;A
T3;148;296;1;24;Z
T3;149;297;2;56;D
T3;149;298;1;0;Z
T3;150;299;2;33;D
T3;150;300;1;24;Z
T3;151;301;2;49;D
T3;151;302;2;22;Z
T3;152;303;1;33;D
T3;152;304;1;21;Z
T3;153;305;2;42;B
T3;153;306;1;40;D
T3;154;307;2;24;Z
T3;154;308;2;6;Z
T3;155;309;2;42;C
T3;155;310;2;2;Z
T3;156;311;2;21;Z
T3;156;312;2;16;Z
T3;157;313;2;46;C
T3;157;314;1;22;Z
T3;158;315;2;21;Z
T3;158;316;1;28;Z
T3;159;317;2;24;Z
T3;159;318;1;4;Z
T3;160;319;2;33;B
T3;160;320;1;23;Z
T3;161;321;2;51;B
T3;161;322;1;2;Z
T3;162;323;2;37;D
T3;162;324;1;2;Z
T3;163;325;2;31;C
T3;163;326;2;0;Z
T3;164;327;2;28;Z
T3;164;328;1;0;Z
T3;165;329;2;20;Z
T3;165;330;1;12;Z
T3;166;331;2;48;D
T3;166;332;2;9;Z
T3;167;333;2;46;C
T3;167;334;1;11;Z
T3;168;335;2;50;D
T3;168;336;1;2;Z
T3;169;337;2;55;C
T3;169;338;1;1;Z
T3;170;339;2;33;B
T3;170;340;2;0;Z
T3;171;341;2;44;D
T3;171;342;2;8;Z
T3;172;343;1;35;B
T3;172;344;2;28;Z
T3;173;345;1;45;B
T3;173;346;1;41;B
T3;174;347;2;42;D
T3;174;348;2;25;Z
T3;175;349;2;33;C
T3;175;350;2;28;Z
T3;176;351;2;31;D
T3;176;352;1;24;Z
T3;177;353;2;48;D
T3;177;354;1;29;Z
T3;178;355;2;49;D
T3;178;356;1;16;Z
T3;179;357;2;43;D
T3;179;358;1;20;Z
T3;180;359;1;35;B
T3;180;360;1;0;Z
T3;181;361;2;20;Z
T3;181;362;2;18;Z
T3;182;363;1;35;A
T3;182;364;2;28;Z
T3;183;365;2;31;D
T3;183;366;1;22;Z
T3;184;367;1;43;D
T3;184;368;2;19;Z
T3;185;369;2;40;D
T3;185;370;2;24;Z
T3;186;371;2;25;Z
T3;186;372;2;17;Z
T3;187;373;1;35;C
T3;187;374;1;0;Z
T3;188;375;2;24;Z
T3;188;376;1;2;Z
T3;189;377;2;39;A
T3;189;378;2;20;Z
T3;190;379;2;47;B
T3;190;380;1;3;Z
T3;191;381;2;42;B
T3;191;382;2;3;Z
T3;192;383;2;45;D
T3;192;384;2;12;Z
T3;193;385;2;48;D
T3;193;386;1;23;Z
T3;194;387;2;47;A
T3;194;388;1;16;Z
T3;195;389;2;30;C
T3;195;390;2;21;Z
T3;196;391;2;54;D
T3;196;392;1;12;Z
T3;197;393;2;44;D
T3;197;394;2;4;Z
T3;198;395;2;50;A
T3;198;396;2;2;Z
T3;199;397;1;39;D
T3;199;398;1;10;Z
T3;200;399;1;26;Z
T3;200;400;1;26;Z
T3;201;401;2;23;Z
T3;201;402;2;19;Z
T3;202;403;2;33;C
T3;202;404;1;4;Z
T3;203;405;2;49;B
T3;203;406;2;20;Z
T3;204;407;2;26;Z
T3;204;408;2;17;Z
T3;205;409;2;46;B
T3;205;410;2;7;Z
T3;206;411;2;28;Z
T3;206;412;2;6;Z
T3;207;413;2;43;D
T3;207;414;1;2;Z
T3;208;415;2;27;Z
T3;208;416;1;3;Z
T3;209;417;2;23;Z
T3;209;418;1;12;Z
T3;210;419;2;25;Z
T3;210;420;2;23;Z
T3;211;421;2;46;D
T3;211;422;2;14;Z
T3;212;423;2;24;Z
T3;212;424;1;0;Z
T3;213;425;2;28;Z
T3;213;426;1;4;Z
T3;214;427;2;24;Z
T3;214;428;1;4;Z
T3;215;429;2;36;D
T3;215;430;1;8;Z
T3;216;431;2;35;C
T3;216;432;2;9;Z
T3;217;433;1;39;C
T3;217;434;2;1;Z
T3;218;435;2;32;C
T3;218;436;1;4;Z
T3;219;437;1;38;D
T3;219;438;2;15;Z
T3;220;439;2;34;D
T3;220;440;2;21;Z
T3;221;441;2;46;D
T3;221;442;1;6;Z
T3;222;443;1;31;D
T3;222;444;2;20;Z
T3;223;445;2;46;B
T3;223;446;1;18;Z
T3;224;447;2;29;Z
T3;224;448;1;2;Z
T3;225;449;2;57;B
T3;225;450;2;7;Z
T3;226;451;2;49;D
T3;226;452;2;22;Z
T3;227;453;2;48;A
T3;227;454;2;0;Z
T3;228;455;2;26;Z
T3;228;456;2;23;Z
T3;229;457;2;51;B
T3;229;458;2;3;Z
T3;230;459;2;42;D
T3;230;460;2;12;Z
T3;231;461;1;29;Z
T3;231;462;2;24;Z
T3;232;463;2;22;Z
T3;232;464;1;0;Z
T3;233;465;2;30;C
T3;233;466;2;11;Z
T3;234;467;2;23;Z
T3;234;468;2;1;Z
T3;235;469;2;34;C
T3;235;470;1;0;Z
T3;236;471;1;30;B
T3;236;472;1;27;Z
T3;237;473;1;27;Z
T3;237;474;2;22;Z
T3;238;475;2;35;D
T3;238;476;2;23;Z
T3;239;477;2;34;D
T3;239;478;1;22;Z
T3;240;479;2;23;Z
T3;240;480;2;20;Z
T3;241;481;2;47;D
T3;241;482;1;0;Z
T3;242;483;2;41;A
T3;242;484;2;0;Z
T3;243;485;2;47;A
T3;243;486;2;1;Z
T3;244;487;2;20;Z
T3;244;488;2;17;Z
T3;245;489;2;48;C
T3;245;490;2;15;Z
T3;246;491;2;49;D
T3;246;492;2;28;Z
T3;247;493;1;37;B
T3;247;494;1;3;Z
T3;248;495;2;62;C
T3;248;496;1;2;Z
T3;249;497;1;37;B
T3;249;498;2;7;Z
T3;250;499;1;45;B
T3;250;500;2;17;Z
T3;251;501;2;41;D
T3;251;502;2;22;Z
T3;252;503;2;22;Z
T3;252;504;1;16;Z
T3;253;505;2;49;B
T3;253;506;1;16;Z
T3;254;507;2;55;A
T3;254;508;1;18;Z
T3;255;509;2;37;B
T3;255;510;2;12;Z
T3;256;511;2;21;Z
T3;256;512;2;7;Z
T3;257;513;2;34;C
T3;257;514;2;23;Z
T3;258;515;2;53;B
T3;258;516;1;10;Z
T3;259;517;2;25;Z
T3;259;518;2;6;Z
T3;260;519;2;52;C
T3;260;520;2;23;Z
T3;261;521;2;64;C
T3;261;522;1;18;Z
T3;262;523;2;41;C
T3;262;524;1;8;Z
T3;263;525;2;47;D
T3;263;526;1;4;Z
T3;264;527;2;28;Z
T3;264;528;2;18;Z
T3;265;529;2;43;D
T3;265;530;2;16;Z
T3;266;531;1;37;D
T3;266;532;2;1;Z
T3;267;533;2;50;B
T3;267;534;1;21;Z
T3;268;535;2;54;D
T3;268;536;2;24;Z
T3;269;537;2;29;Z
T3;269;538;2;24;Z
T3;270;539;2;40;D
T3;270;540;2;3;Z
T3;271;541;2;47;D
T3;271;542;1;0;Z
T3;272;543;1;59;D
T3;272;544;2;13;Z
T3;273;545;2;47;C
T3;273;546;2;1;Z
T3;274;547;2;44;C
T3;274;548;2;11;Z
T3;275;549;2;45;D
T3;275;550;1;14;Z
T3;276;551;1;28;Z
T3;276;552;2;19;Z
T3;277;553;2;20;Z
T3;277;554;2;15;Z
T3;278;555;2;21;Z
T3;278;556;1;8;Z
T3;279;557;2;44;A
T3;279;558;2;21;Z
T3;280;559;2;28;Z
T3;280;560;2;7;Z
T3;281;561;2;53;C
T3;281;562;2;22;Z
T3;282;563;2;21;Z
T3;282;564;2;8;Z
T3;283;565;2;40;D
T3;283;566;1;23;Z
T3;284;567;2;43;B
T3;284;568;2;18;Z
T3;285;569;2;39;D
T3;285;570;1;29;Z
T3;286;571;2;35;D
T3;286;572;1;1;Z
T3;287;573;2;38;D
T3;287;574;1;2;Z
T3;288;575;2;31;D
T3;288;576;1;4;Z
T3;289;577;2;29;Z
T3;289;578;1;18;Z
T3;290;579;2;34;D
T3;290;580;2;20;Z
T3;291;581;2;32;C
T3;291;582;2;9;Z
T3;292;583;2;37;C
T3;292;584;1;13;Z
T3;293;585;2;42;D
T3;293;586;2;18;Z
T3;294;587;2;29;Z
T3;294;588;2;8;Z
T3;295;589;2;39;D
T3;295;590;2;18;Z
T3;296;591;2;43;C
T3;296;592;2;27;Z
T3;297;593;2;35;C
T3;297;594;2;12;Z
T3;298;595;2;41;B
T3;298;596;2;5;Z
T3;299;597;2;34;B
T3;299;598;2;13;Z
T3;300;599;1;42;D
T3;300;600;1;30;A
T3;301;601;2;25;Z
T3;301;602;2;1;Z
T3;302;603;2;33;D
T3;302;604;2;18;Z
T3;303;605;2;47;C
T3;303;606;1;7;Z
T3;304;607;2;49;B
T3;304;608;1;19;Z
T3;305;609;2;37;B
T3;305;610;1;9;Z
T3;306;611;1;34;C
T3;306;612;1;14;Z
T3;307;613;2;28;Z
T3;307;614;2;20;Z
T3;308;615;2;29;Z
T3;308;616;2;32;D
T3;309;617;2;48;D
T3;309;618;2;9;Z
T3;310;619;2;47;C
T3;310;620;2;8;Z
T3;311;621;2;53;B
T3;311;622;2;15;Z
T3;312;623;2;29;Z
T3;312;624;2;23;Z
T3;313;625;2;31;A
T3;313;626;1;2;Z
T3;314;627;2;20;Z
T3;314;628;1;0;Z
T3;315;629;2;43;D
T3;315;630;1;0;Z
T3;316;631;2;32;C
T3;316;632;1;26;Z
T3;317;633;2;25;Z
T3;317;634;1;15;Z
T3;318;635;2;42;B
T3;318;636;2;14;Z
T3;319;637;2;25;Z
T3;319;638;2;23;Z
T3;320;639;2;46;C
T3;320;640;1;17;Z
T3;321;641;2;30;D
T3;321;642;1;24;Z
T3;322;643;2;34;B
T3;322;644;2;13;Z
T3;323;645;2;29;Z
T3;323;646;1;10;Z
T3;324;647;2;24;Z
T3;324;648;2;1;Z
T3;325;649;2;21;Z
T3;325;650;1;7;Z
T3;326;651;2;41;C
T3;326;652;1;4;Z
T3;327;653;2;41;C
T3;327;654;2;29;Z
T3;328;655;2;44;D
T3;328;656;2;6;Z
T3;329;657;2;26;Z
T3;329;658;2;18;Z
T3;330;659;2;52;B
T3;330;660;1;4;Z
T3;331;661;2;26;Z
T3;331;662;2;10;Z
T3;332;663;2;34;D
T3;332;664;2;16;Z
T3;333;665;2;30;A
T3;333;666;2;24;Z
T3;334;667;2;33;B
T3;334;668;1;13;Z
T3;335;669;2;52;B
T3;335;670;2;7;Z
T3;336;671;2;27;Z
T3;336;672;1;0;Z
T3;337;673;2;45;A
T3;337;674;2;11;Z
T3;338;675;2;56;B
T3;338;676;2;24;Z
T3;339;677;2;48;A
T3;339;678;1;17;Z
T3;340;679;2;36;C
T3;340;680;1;32;D
T3;341;681;2;39;D
T3;341;682;2;1;Z
T3;342;683;2;45;C
T3;342;684;2;2;Z
T3;343;685;2;33;D
T3;343;686;1;2;Z
T3;344;687;2;38;C
T3;344;688;2;15;Z
T3;345;689;2;26;Z
T3;345;690;1;14;Z
T3;346;691;2;29;Z
T3;346;692;1;0;Z
T3;347;693;2;20;Z
T3;347;694;2;1;Z
T3;348;695;2;44;D
T3;348;696;2;24;Z
T3;349;697;2;46;D
T3;349;698;2;3;Z
T3;350;699;2;52;C
T3;350;700;1;6;Z
T3;351;701;2;45;D
T3;351;702;2;24;Z
T3;352;703;2;22;Z
T3;352;704;1;0;Z
T3;353;705;1;32;D
T3;353;706;2;16;Z
T3;354;707;2;43;B
T3;354;708;1;4;Z
T3;355;709;1;37;B
T3;355;710;1;1;Z
T3;356;711;1;51;A
T3;356;712;2;16;Z
T3;357;713;2;38;D
T3;357;714;1;11;Z
T3;358;715;1;45;C
T3;358;716;1;9;Z
T3;359;717;2;21;Z
T3;359;718;2;7;Z
T3;360;719;1;41;C
T3;360;720;1;3;Z
T3;361;721;2;49;C
T3;361;722;1;15;Z
T3;362;723;1;33;A
T3;362;724;1;24;Z
T3;363;725;2;34;D
T3;363;726;1;34;C
T3;364;727;2;50;B
T3;364;728;2;2;Z
T3;365;729;2;48;B
T3;365;730;2;22;Z
T3;366;731;2;26;Z
T3;366;732;1;6;Z
T3;367;733;1;48;D
T3;367;734;2;1;Z
T3;368;735;2;34;D
T3;368;736;2;29;Z
T3;369;737;2;28;Z
T3;369;738;1;11;Z
T3;370;739;2;33;C
T3;370;740;1;2;Z
T3;371;741;1;31;B
T3;371;742;1;12;Z
T3;372;743;2;27;Z
T3;372;744;1;34;D
T3;373;745;1;39;B
T3;373;746;1;18;Z
T3;374;747;2;30;A
T3;374;748;2;11;Z
T3;375;749;1;58;B
T3;375;750;2;10;Z
T3;376;751;2;29;Z
T3;376;752;1;11;Z
T3;377;753;2;32;D
T3;377;754;2;10;Z
T3;378;755;2;33;C
T3;378;756;1;20;Z
T3;379;757;2;33;D
T3;379;758;1;25;Z
T3;380;759;2;50;D
T3;380;760;1;16;Z
T3;381;761;2;51;C
T3;381;762;2;19;Z
T3;382;763;2;51;D
T3;382;764;1;29;Z
T3;383;765;2;32;D
T3;383;766;2;4;Z
T3;384;767;2;48;D
T3;384;768;2;15;Z
T3;385;769;2;43;D
T3;385;770;1;0;Z
T3;386;771;2;42;B
T3;386;772;2;19;Z
T3;387;773;2;30;D
T3;387;774;2;23;Z
T3;388;775;2;22;Z
T3;388;776;1;4;Z
T3;389;777;2;27;Z
T3;389;778;1;17;Z
T3;390;779;1;49;B
T3;390;780;1;15;Z
T3;391;781;2;46;D
T3;391;782;2;19;Z
T3;392;783;2;46;C
T3;392;784;1;17;Z
T3;393;785;1;37;B
T3;393;786;1;2;Z
T3;394;787;2;21;Z
T3;394;788;1;2;Z
T3;395;789;2;20;Z
T3;395;790;1;1;Z
T3;396;791;2;45;D
T3;396;792;2;19;Z
T3;397;793;2;34;B
T3;397;794;1;3;Z
T3;398;795;2;59;D
T3;398;796;1;10;Z
T3;399;797;2;38;D
T3;399;798;2;23;Z
T3;400;799;1;58;A
T3;400;800;2;33;D
T3;401;801;2;42;D
T3;401;802;2;5;Z
T3;402;803;1;30;D
T3;402;804;2;18;Z
T3;403;805;2;25;Z
T3;403;806;1;4;Z
T3;404;807;2;29;Z
T3;404;808;1;24;Z
T3;405;809;2;26;Z
T3;405;810;1;0;Z
T3;406;811;1;25;Z
T3;406;812;1;2;Z
T3;407;813;2;39;B
T3;407;814;1;12;Z
T3;408;815;2;45;C
T3;408;816;1;32;C
T3;409;817;2;20;Z
T3;409;818;1;19;Z
T3;410;819;2;29;Z
T3;410;820;1;1;Z
T3;411;821;2;59;D
T3;411;822;1;19;Z
T3;412;823;2;30;D
T3;412;824;1;7;Z
T3;413;825;2;28;Z
T3;413;826;1;16;Z
T3;414;827;2;31;A
T3;414;828;1;24;Z
T3;415;829;2;59;C
T3;415;830;1;1;Z
T3;416;831;1;30;A
T3;416;832;2;6;Z
T3;417;833;2;31;D
T3;417;834;1;18;Z
T3;418;835;2;50;A
T3;418;836;1;11;Z
T3;419;837;2;31;A
T3;419;838;2;2;Z
T3;420;839;2;22;Z
T3;420;840;2;12;Z
T3;421;841;1;31;C
T3;421;842;2;2;Z
T3;422;843;2;35;B
T3;422;844;1;1;Z
T3;423;845;2;22;Z
T3;423;846;2;21;Z
T3;424;847;1;30;B
T3;424;848;1;28;Z
T3;425;849;2;51;B
T3;425;850;1;8;Z
T3;426;851;2;27;Z
T3;426;852;2;13;Z
T3;427;853;2;34;A
T3;427;854;2;20;Z
T3;428;855;2;29;Z
T3;428;856;1;20;Z
T3;429;857;2;21;Z
T3;429;858;2;19;Z
T3;430;859;2;39;A
T3;430;860;2;2;Z
T3;431;861;2;40;A
T3;431;862;2;0;Z
T3;432;863;2;48;C
T3;432;864;1;17;Z
T3;433;865;1;33;B
T3;433;866;2;11;Z
T3;434;867;2;48;D
T3;434;868;1;19;Z
T3;435;869;2;42;C
T3;435;870;1;2;Z
T3;436;871;2;27;Z
T3;436;872;2;6;Z
T3;437;873;2;56;A
T3;437;874;2;8;Z
T3;438;875;2;53;C
T3;438;876;1;21;Z
T3;439;877;1;33;C
T3;439;878;1;19;Z
T3;440;879;2;30;B
T3;440;880;2;8;Z
T3;441;881;2;41;A
T3;441;882;1;22;Z
T3;442;883;1;46;A
T3;442;884;2;6;Z
T3;443;885;1;39;D
T3;443;886;1;0;Z
T3;444;887;2;34;A
T3;444;888;1;20;Z
T3;445;889;2;45;C
T3;445;890;2;21;Z
T3;446;891;2;34;D
T3;446;892;2;16;Z
T3;447;893;1;58;D
T3;447;894;2;21;Z
T3;448;895;2;45;D
T3;448;896;2;24;Z
T3;449;897;1;28;Z
T3;449;898;2;7;Z
T3;450;899;2;24;Z
T3;450;900;1;9;Z
T3;451;901;2;26;Z
T3;451;902;2;17;Z
T3;452;903;2;49;D
T3;452;904;1;2;Z
T3;453;905;2;33;C
T3;453;906;1;18;Z
T3;454;907;2;35;C
T3;454;908;1;20;Z
T3;455;909;2;47;D
T3;455;910;1;44;A
T3;456;911;2;27;Z
T3;456;912;1;10;Z
T3;457;913;2;41;B
T3;457;914;2;23;Z
T3;458;915;2;34;A
T3;458;916;1;6;Z
T3;459;917;2;49;B
T3;459;918;1;8;Z
T3;460;919;2;25;Z
T3;460;920;1;25;Z
T3;461;921;2;32;C
T3;461;922;2;26;Z
T3;462;923;2;49;B
T3;462;924;1;0;Z
T3;463;925;2;25;Z
T3;463;926;1;4;Z
T3;464;927;2;21;Z
T3;464;928;2;16;Z
T3;465;929;2;51;B
T3;465;930;2;17;Z
T3;466;931;2;46;D
T3;466;932;2;20;Z
T3;467;933;2;31;C
T3;467;934;2;10;Z
T3;468;935;2;37;C
T3;468;936;2;22;Z
T3;469;937;2;39;C
T3;469;938;2;23;Z
T3;470;939;1;36;A
T3;470;940;1;42;A
T3;471;941;2;52;A
T3;471;942;1;1;Z
T3;472;943;2;33;A
T3;472;944;1;23;Z
T3;473;945;2;22;Z
T3;473;946;2;22;Z
T3;474;947;1;58;D
T3;474;948;1;9;Z
T3;475;949;2;21;Z
T3;475;950;1;21;Z
T3;476;951;2;55;D
T3;476;952;2;19;Z
T3;477;953;2;40;C
T3;477;954;1;16;Z
T3;478;955;1;29;Z
T3;478;956;1;32;D
T3;479;957;2;48;C
T3;479;958;2;17;Z
T3;480;959;2;53;C
T3;480;960;1;26;Z
T3;481;961;2;34;B
T3;481;962;1;14;Z
T3;482;963;2;53;D
T3;482;964;2;1;Z
T3;483;965;2;42;C
T3;483;966;1;21;Z
T3;484;967;2;25;Z
T3;484;968;2;12;Z
T3;485;969;2;30;A
T3;485;970;2;21;Z
T3;486;971;2;38;C
T3;486;972;1;20;Z
T3;487;973;2;49;B
T3;487;974;1;25;Z
T3;488;975;2;22;Z
T3;488;976;2;4;Z
T3;489;977;2;27;Z
T3;489;978;1;16;Z
T3;490;979;2;27;Z
T3;490;980;1;10;Z
T3;491;981;2;46;B
T3;491;982;2;1;Z
T3;492;983;1;36;C
T3;492;984;1;18;Z
T3;493;985;2;37;D
T3;493;986;1;3;Z
T3;494;987;2;27;Z
T3;494;988;2;0;Z
T3;495;989;2;45;D
T3;495;990;1;1;Z
T3;496;991;2;46;D
T3;496;992;1;20;Z
T3;497;993;2;20;Z
T3;497;994;1;1;Z
T3;498;995;2;32;B
T3;498;996;2;4;Z
T3;499;997;2;37;D
T3;499;998;1;24;Z
T3;500;999;2;30;D
T3;500;1000;1;3;Z
T3;501;1001;2;33;D
T3;501;1002;2;7;Z
T3;502;1003;2;59;B
T3;502;1004;1;5;Z
T3;503;1005;2;45;A
T3;503;1006;2;18;Z
T3;504;1007;2;22;Z
T3;504;1008;2;10;Z
T3;505;1009;2;30;C
T3;505;1010;1;1;Z
T3;506;1011;2;32;C
T3;506;1012;2;18;Z
T3;507;1013;2;34;A
T3;507;1014;2;12;Z
T3;508;1015;2;23;Z
T3;508;1016;1;5;Z
T3;509;1017;2;20;Z
T3;509;1018;2;5;Z
T3;510;1019;1;30;C
T3;510;1020;1;15;Z
T3;511;1021;1;25;Z
T3;511;1022;1;16;Z
T3;512;1023;2;41;D
T3;512;1024;1;2;Z
T3;513;1025;1;30;C
T3;513;1026;1;23;Z
T3;514;1027;2;34;B
T3;514;1028;1;2;Z
T3;515;1029;2;31;D
T3;515;1030;2;14;Z
T3;516;1031;2;52;D
T3;516;1032;2;7;Z
T3;517;1033;1;44;B
T3;517;1034;1;16;Z
T3;518;1035;2;31;B
T3;518;1036;2;2;Z
T3;519;1037;1;37;B
T3;519;1038;2;14;Z
T3;520;1039;2;20;Z
T3;520;1040;1;15;Z
T3;521;1041;2;45;C
T3;521;1042;1;2;Z
T3;522;1043;2;58;B
T3;522;1044;2;1;Z
T3;523;1045;2;46;C
T3;523;1046;1;3;Z
T3;524;1047;2;34;C
T3;524;1048;2;7;Z
T3;525;1049;2;48;A
T3;525;1050;1;21;Z
T3;526;1051;1;59;A
T3;526;1052;2;12;Z
T3;527;1053;2;23;Z
T3;527;1054;2;13;Z
T3;528;1055;2;46;A
T3;528;1056;1;1;Z
T3;529;1057;2;46;C
T3;529;1058;1;22;Z
T3;530;1059;2;49;B
T3;530;1060;2;22;Z
T3;531;1061;2;27;Z
T3;531;1062;1;1;Z
T3;532;1063;1;35;C
T3;532;1064;2;0;Z
T3;533;1065;2;59;D
T3;533;1066;1;17;Z
T3;534;1067;2;48;C
T3;534;1068;2;24;Z
T3;535;1069;1;30;B
T3;535;1070;2;9;Z
T3;536;1071;2;46;C
T3;536;1072;2;15;Z
T3;537;1073;2;35;D
T3;537;1074;1;2;Z
T3;538;1075;2;57;C
T3;538;1076;2;19;Z
T3;539;1077;1;32;A
T3;539;1078;1;3;Z
T3;540;1079;2;20;Z
T3;540;1080;2;17;Z
T3;541;1081;2;47;C
T3;541;1082;1;21;Z
T3;542;1083;1;27;Z
T3;542;1084;1;22;Z
T3;543;1085;2;20;Z
T3;543;1086;2;22;Z
T3;544;1087;2;40;D
T3;544;1088;2;5;Z
T3;545;1089;2;31;B
T3;545;1090;2;17;Z
T3;546;1091;2;25;Z
T3;546;1092;2;20;Z
T3;547;1093;2;30;A
T3;547;1094;1;13;Z
T3;548;1095;2;37;C
T3;548;1096;2;17;Z
T3;549;1097;1;42;D
T3;549;1098;1;2;Z
T3;550;1099;2;20;Z
T3;550;1100;1;16;Z
T3;551;1101;1;38;D
T3;551;1102;1;29;Z
T3;552;1103;2;50;B
T3;552;1104;2;9;Z
T3;553;1105;2;44;C
T3;553;1106;1;2;Z
T3;554;1107;2;30;D
T3;554;1108;2;7;Z
T3;555;1109;2;23;Z
T3;555;1110;1;29;Z
T3;556;1111;2;28;Z
T3;556;1112;2;25;Z
T3;557;1113;2;27;Z
T3;557;1114;2;13;Z
T3;558;1115;2;46;A
T3;558;1116;2;5;Z
T3;559;1117;2;23;Z
T3;559;1118;1;7;Z
T3;560;1119;2;58;D
T3;560;1120;2;25;Z
T3;561;1121;2;34;B
T3;561;1122;1;22;Z
T3;562;1123;2;41;C
T3;562;1124;1;2;Z
T3;563;1125;1;27;Z
T3;563;1126;1;1;Z
T3;564;1127;2;30;B
T3;564;1128;2;10;Z
T3;565;1129;1;48;B
T3;565;1130;1;1;Z
T3;566;1131;2;46;D
T3;566;1132;1;23;Z
T3;567;1133;2;48;B
T3;567;1134;1;0;Z
T3;568;1135;2;51;D
T3;568;1136;1;18;Z
T3;569;1137;2;47;D
T3;569;1138;1;0;Z
T3;570;1139;2;44;C
T3;570;1140;1;18;Z
T3;571;1141;2;45;B
T3;571;1142;1;26;Z
T3;572;1143;2;34;C
T3;572;1144;2;13;Z
T3;573;1145;2;33;D
T3;573;1146;1;13;Z
T3;574;1147;2;23;Z
T3;574;1148;1;17;Z
T3;575;1149;2;22;Z
T3;575;1150;1;4;Z
T3;576;1151;2;48;D
T3;576;1152;1;16;Z
T3;577;1153;2;46;D
T3;577;1154;1;3;Z
T3;578;1155;2;29;Z
T3;578;1156;1;18;Z
T3;579;1157;2;24;Z
T3;579;1158;1;3;Z
T3;580;1159;2;30;D
T3;580;1160;2;7;Z
T3;581;1161;2;21;Z
T3;581;1162;2;23;Z
T3;582;1163;1;36;B
T3;582;1164;1;4;Z
T3;583;1165;2;32;D
T3;583;1166;2;16;Z
T3;584;1167;2;28;Z
T3;584;1168;1;4;Z
T3;585;1169;2;56;D
T3;585;1170;2;7;Z
T3;586;1171;2;30;A
T3;586;1172;1;10;Z
T3;587;1173;2;47;D
T3;587;1174;2;2;Z
T3;588;1175;2;35;A
T3;588;1176;2;11;Z
T3;589;1177;2;30;A
T3;589;1178;1;18;Z
T3;590;1179;2;43;C
T3;590;1180;1;0;Z
T3;591;1181;2;62;D
T3;591;1182;1;4;Z
T3;592;1183;2;50;C
T3;592;1184;2;20;Z
T3;593;1185;2;21;Z
T3;593;1186;1;43;C
T3;594;1187;1;37;B
T3;594;1188;1;25;Z
T3;595;1189;2;45;B
T3;595;1190;2;15;Z
T3;596;1191;2;45;C
T3;596;1192;1;9;Z
T3;597;1193;2;43;B
T3;597;1194;2;4;Z
T3;598;1195;2;34;D
T3;598;1196;1;3;Z
T3;599;1197;2;27;Z
T3;599;1198;2;16;Z
T3;600;1199;2;28;Z
T3;600;1200;2;21;Z
T3;601;1201;2;29;Z
T3;601;1202;2;13;Z
T3;602;1203;2;38;D
T3;602;1204;1;7;Z
T3;603;1205;2;23;Z
T3;603;1206;1;41;A
T3;604;1207;2;33;D
T3;604;1208;2;1;Z
T3;605;1209;2;20;Z
T3;605;1210;1;2;Z
T3;606;1211;2;30;A
T3;606;1212;2;14;Z
T3;607;1213;2;32;C
T3;607;1214;1;43;D
T3;608;1215;2;49;B
T3;608;1216;2;10;Z
T3;609;1217;1;46;D
T3;609;1218;1;21;Z
T3;610;1219;2;51;D
T3;610;1220;2;21;Z
T3;611;1221;2;56;C
T3;611;1222;1;23;Z
T3;612;1223;2;54;D
T3;612;1224;2;10;Z
T3;613;1225;2;48;A
T3;613;1226;1;0;Z
T3;614;1227;2;29;Z
T3;614;1228;2;30;D
T3;615;1229;2;22;Z
T3;615;1230;1;29;Z
T3;616;1231;2;60;A
T3;616;1232;2;1;Z
T3;617;1233;2;49;B
T3;617;1234;2;18;Z
T3;618;1235;2;23;Z
T3;618;1236;1;19;Z
T3;619;1237;2;47;C
T3;619;1238;1;29;Z
T3;620;1239;2;48;B
T3;620;1240;1;11;Z
T3;621;1241;2;54;B
T3;621;1242;1;34;D
T3;622;1243;2;48;C
T3;622;1244;2;19;Z
T3;623;1245;2;47;D
T3;623;1246;1;5;Z
T3;624;1247;2;22;Z
T3;624;1248;1;3;Z
T3;625;1249;2;38;D
T3;625;1250;1;18;Z
T3;626;1251;2;55;D
T3;626;1252;1;12;Z
T3;627;1253;2;63;C
T3;627;1254;1;13;Z
T3;628;1255;2;29;Z
T3;628;1256;1;19;Z
T3;629;1257;2;46;D
T3;629;1258;1;13;Z
T3;630;1259;2;32;D
T3;630;1260;1;1;Z
T3;631;1261;2;31;B
T3;631;1262;1;32;B
T3;632;1263;2;33;C
T3;632;1264;2;12;Z
T3;633;1265;1;40;C
T3;633;1266;2;5;Z
T3;634;1267;2;57;D
T3;634;1268;1;15;Z
T3;635;1269;2;38;C
T3;635;1270;1;1;Z
T3;636;1271;2;40;B
T3;636;1272;2;21;Z
T3;637;1273;2;58;D
T3;637;1274;2;23;Z
T3;638;1275;1;53;A
T3;638;1276;2;8;Z
T3;639;1277;2;33;A
T3;639;1278;1;17;Z
T3;640;1279;2;20;Z
T3;640;1280;1;16;Z
T3;641;1281;1;30;C
T3;641;1282;2;18;Z
T3;642;1283;2;37;C
T3;642;1284;2;20;Z
T3;643;1285;2;43;C
T3;643;1286;2;28;Z
T3;644;1287;2;48;C
T3;644;1288;1;12;Z
T3;645;1289;2;37;D
T3;645;1290;1;7;Z
T3;646;1291;2;45;C
T3;646;1292;1;2;Z
T3;647;1293;2;33;D
T3;647;1294;1;27;Z
T3;648;1295;2;24;Z
T3;648;1296;1;6;Z
T3;649;1297;2;55;C
T3;649;1298;2;28;Z
T3;650;1299;1;36;C
T3;650;1300;2;16;Z
T3;651;1301;2;26;Z
T3;651;1302;1;2;Z
T3;652;1303;1;38;D
T3;652;1304;1;21;Z
T3;653;1305;2;28;Z
T3;653;1306;1;2;Z
T3;654;1307;2;30;D
T3;654;1308;2;2;Z
T3;655;1309;2;24;Z
T3;655;1310;2;8;Z
T3;656;1311;2;47;C
T3;656;1312;2;10;Z
T3;657;1313;2;43;D
T3;657;1314;1;41;D
T3;658;1315;2;43;D
T3;658;1316;1;2;Z
T3;659;1317;2;54;D
T3;659;1318;1;24;Z
T3;660;1319;2;23;Z
T3;660;1320;1;4;Z
T3;661;1321;2;22;Z
T3;661;1322;1;19;Z
T3;662;1323;2;46;C
T3;662;1324;1;0;Z
T3;663;1325;2;44;B
T3;663;1326;2;22;Z
T3;664;1327;2;59;C
T3;664;1328;1;11;Z
T3;665;1329;2;40;A
T3;665;1330;1;10;Z
T3;666;1331;2;38;C
T3;666;1332;2;18;Z
T3;667;1333;2;42;D
T3;667;1334;2;12;Z
T3;668;1335;2;21;Z
T3;668;1336;1;15;Z
T3;669;1337;2;50;C
T3;669;1338;2;14;Z
T3;670;1339;2;22;Z
T3;670;1340;2;15;Z
T3;671;1341;2;48;B
T3;671;1342;1;7;Z
T3;672;1343;1;41;A
T3;672;1344;2;18;Z
T3;673;1345;2;39;D
T3;673;1346;1;15;Z
T3;674;1347;2;47;C
T3;674;1348;2;7;Z
T3;675;1349;2;44;B
T3;675;1350;1;9;Z
T3;676;1351;2;28;Z
T3;676;1352;1;10;Z
T3;677;1353;2;52;C
T3;677;1354;1;21;Z
T3;678;1355;2;32;C
T3;678;1356;2;3;Z
T3;679;1357;2;34;D
T3;679;1358;1;23;Z
T3;680;1359;2;47;A
T3;680;1360;2;3;Z
T3;681;1361;2;24;Z
T3;681;1362;2;7;Z
T3;682;1363;2;34;D
T3;682;1364;1;40;D
T3;683;1365;1;27;Z
T3;683;1366;2;2;Z
T3;684;1367;2;56;C
T3;684;1368;2;14;Z
T3;685;1369;2;24;Z
T3;685;1370;1;0;Z
T3;686;1371;2;20;Z
T3;686;1372;1;1;Z
T3;687;1373;2;30;C
T3;687;1374;2;27;Z
T3;688;1375;2;53;B
T3;688;1376;1;0;Z
T3;689;1377;2;54;B
T3;689;1378;2;3;Z
T3;690;1379;2;47;C
T3;690;1380;1;18;Z
T3;691;1381;2;32;D
T3;691;1382;1;33;D
T3;692;1383;2;31;D
T3;692;1384;2;7;Z
T3;693;1385;2;34;B
T3;693;1386;1;14;Z
T3;694;1387;2;49;D
T3;694;1388;1;2;Z
T3;695;1389;2;53;C
T3;695;1390;2;23;Z
T3;696;1391;2;44;D
T3;696;1392;1;3;Z
T3;697;1393;2;30;D
T3;697;1394;2;15;Z
T3;698;1395;2;51;A
T3;698;1396;1;5;Z
T3;699;1397;2;46;C
T3;699;1398;2;24;Z
T3;700;1399;2;29;Z
T3;700;1400;2;7;Z
T3;701;1401;2;32;A
T3;701;1402;1;10;Z
T3;702;1403;2;49;D
T3;702;1404;2;2;Z
T3;703;1405;2;49;C
T3;703;1406;2;20;Z
T3;704;1407;2;46;D
T3;704;1408;2;25;Z
T3;705;1409;2;36;C
T3;705;1410;1;1;Z
T3;706;1411;2;46;D
T3;706;1412;1;1;Z
T3;707;1413;1;47;C
T3;707;1414;1;7;Z
T3;708;1415;2;52;A
T3;708;1416;1;24;Z
T3;709;1417;2;33;D
T3;709;1418;1;14;Z
T3;710;1419;2;46;C
T3;710;1420;2;7;Z
T3;711;1421;1;31;D
T3;711;1422;2;8;Z
T3;712;1423;2;20;Z
T3;712;1424;1;21;Z
T3;713;1425;2;28;Z
T3;713;1426;1;4;Z
T3;714;1427;2;34;B
T3;714;1428;1;3;Z
T3;715;1429;2;20;Z
T3;715;1430;1;2;Z
T3;716;1431;2;29;Z
T3;716;1432;1;24;Z
T3;717;1433;2;24;Z
T3;717;1434;1;22;Z
T3;718;1435;1;26;Z
T3;718;1436;2;26;Z
T3;719;1437;1;38;C
T3;719;1438;1;25;Z
T3;720;1439;2;28;Z
T3;720;1440;1;10;Z
T3;721;1441;2;62;A
T3;721;1442;1;3;Z
T3;722;1443;2;25;Z
T3;722;1444;2;1;Z
T3;723;1445;2;32;D
T3;723;1446;1;3;Z
T3;724;1447;2;42;A
T3;724;1448;1;23;Z
T3;725;1449;2;44;B
T3;725;1450;1;22;Z
T3;726;1451;2;29;Z
T3;726;1452;2;3;Z
T3;727;1453;2;52;C
T3;727;1454;1;23;Z
T3;728;1455;2;52;A
T3;728;1456;2;14;Z
T3;729;1457;2;39;B
T3;729;1458;1;1;Z
T3;730;1459;2;38;D
T3;730;1460;2;18;Z
T3;731;1461;2;21;Z
T3;731;1462;2;11;Z
T3;732;1463;2;23;Z
T3;732;1464;2;16;Z
T3;733;1465;2;24;Z
T3;733;1466;2;26;Z
T3;734;1467;2;23;Z
T3;734;1468;2;6;Z
T3;735;1469;2;36;A
T3;735;1470;1;17;Z
T3;736;1471;2;31;D
T3;736;1472;1;10;Z
T3;737;1473;2;37;C
T3;737;1474;2;22;Z
T3;738;1475;2;34;D
T3;738;1476;2;23;Z
T3;739;1477;2;57;C
T3;739;1478;2;0;Z
T3;740;1479;2;57;D
T3;740;1480;2;29;Z
T3;741;1481;2;28;Z
T3;741;1482;2;14;Z
T3;742;1483;2;20;Z
T3;742;1484;1;18;Z
T3;743;1485;2;54;A
T3;743;1486;2;21;Z
T3;744;1487;2;58;D
T3;744;1488;2;0;Z
T3;745;1489;2;40;D
T3;745;1490;1;3;Z
T3;746;1491;2;57;B
T3;746;1492;2;19;Z
T3;747;1493;1;37;D
T3;747;1494;1;19;Z
T3;748;1495;2;53;C
T3;748;1496;1;2;Z
T3;749;1497;2;31;B
T3;749;1498;2;7;Z
T3;750;1499;2;20;Z
T3;750;1500;2;9;Z
T3;751;1501;2;27;Z
T3;751;1502;1;3;Z
T3;752;1503;2;31;C
T3;752;1504;2;3;Z
T3;753;1505;2;42;A
T3;753;1506;1;12;Z
T3;754;1507;2;33;C
T3;754;1508;1;18;Z
T3;755;1509;2;43;D
T3;755;1510;2;0;Z
T3;756;1511;2;34;D
T3;756;1512;1;12;Z
T3;757;1513;2;31;C
T3;757;1514;1;3;Z
T3;758;1515;2;20;Z
T3;758;1516;2;24;Z
T3;759;1517;2;37;D
T3;759;1518;2;0;Z
T3;760;1519;2;22;Z
T3;760;1520;2;0;Z
T3;761;1521;2;44;D
T3;761;1522;1;23;Z
T3;762;1523;2;20;Z
T3;762;1524;2;5;Z
T3;763;1525;2;48;D
T3;763;1526;2;23;Z
T3;764;1527;2;53;C
T3;764;1528;1;5;Z
T3;765;1529;1;34;C
T3;765;1530;2;23;Z
T3;766;1531;2;35;D
T3;766;1532;2;3;Z
T3;767;1533;2;38;D
T3;767;1534;1;16;Z
T3;768;1535;2;21;Z
T3;768;1536;2;16;Z
T3;769;1537;1;52;C
T3;769;1538;2;4;Z
T3;770;1539;2;27;Z
T3;770;1540;2;22;Z
T3;771;1541;2;26;Z
T3;771;1542;1;18;Z
T3;772;1543;2;21;Z
T3;772;1544;2;26;Z
T3;773;1545;2;37;B
T3;773;1546;1;3;Z
T3;774;1547;2;34;C
T3;774;1548;2;19;Z
T3;775;1549;1;32;C
T3;775;1550;2;4;Z
T3;776;1551;2;30;D
T3;776;1552;1;21;Z
T3;777;1553;1;59;D
T3;777;1554;2;1;Z
T3;778;1555;1;32;A
T3;778;1556;1;2;Z
T3;779;1557;2;36;D
T3;779;1558;2;3;Z
T3;780;1559;1;42;C
T3;780;1560;2;27;Z
T3;781;1561;2;49;C
T3;781;1562;1;2;Z
T3;782;1563;2;40;D
T3;782;1564;1;23;Z
T3;783;1565;2;26;Z
T3;783;1566;2;18;Z
T3;784;1567;2;49;C
T3;784;1568;1;2;Z
T3;785;1569;1;54;B
T3;785;1570;1;2;Z
T3;786;1571;2;43;B
T3;786;1572;1;19;Z
T3;787;1573;1;28;Z
T3;787;1574;1;23;Z
T3;788;1575;2;25;Z
T3;788;1576;1;22;Z
T3;789;1577;2;47;A
T3;789;1578;1;2;Z
T3;790;1579;2;32;B
T3;790;1580;1;1;Z
T3;791;1581;2;32;A
T3;791;1582;2;12;Z
T3;792;1583;2;43;C
T3;792;1584;1;3;Z
T3;793;1585;2;45;A
T3;793;1586;1;0;Z
T3;794;1587;2;20;Z
T3;794;1588;1;6;Z
T3;795;1589;2;30;D
T3;795;1590;2;17;Z
T3;796;1591;2;52;C
T3;796;1592;2;6;Z
T3;797;1593;2;39;D
T3;797;1594;2;17;Z
T3;798;1595;2;23;Z
T3;798;1596;1;11;Z
T3;799;1597;2;21;Z
T3;799;1598;1;27;Z
T3;800;1599;2;36;D
T3;800;1600;1;10;Z
T3;801;1601;2;24;Z
T3;801;1602;2;17;Z
T3;802;1603;2;21;Z
T3;802;1604;2;15;Z
T3;803;1605;2;49;A
T3;803;1606;1;15;Z
T3;804;1607;2;47;B
T3;804;1608;2;6;Z
T3;805;1609;2;30;B
T3;805;1610;1;16;Z
T3;806;1611;2;42;D
T3;806;1612;1;24;Z
T3;807;1613;2;34;D
T3;807;1614;1;4;Z
T3;808;1615;2;46;A
T3;808;1616;1;4;Z
T3;809;1617;2;22;Z
T3;809;1618;1;0;Z
T3;810;1619;1;26;Z
T3;810;1620;1;11;Z
T3;811;1621;2;48;B
T3;811;1622;1;16;Z
T3;812;1623;2;27;Z
T3;812;1624;1;19;Z
T3;813;1625;1;34;B
T3;813;1626;1;11;Z
T3;814;1627;1;44;D
T3;814;1628;1;14;Z
T3;815;1629;2;45;A
T3;815;1630;2;16;Z
T3;816;1631;1;38;C
T3;816;1632;1;4;Z
T3;817;1633;2;53;C
T3;817;1634;2;10;Z
T3;818;1635;2;31;D
T3;818;1636;2;17;Z
T3;819;1637;2;39;D
T3;819;1638;1;17;Z
T3;820;1639;2;22;Z
T3;820;1640;2;12;Z
T3;821;1641;2;29;Z
T3;821;1642;1;25;Z
T3;822;1643;2;45;D
T3;822;1644;2;14;Z
T3;823;1645;2;20;Z
T3;823;1646;2;19;Z
T3;824;1647;2;32;D
T3;824;1648;1;4;Z
T3;825;1649;2;22;Z
T3;825;1650;2;17;Z
T3;826;1651;2;57;B
T3;826;1652;1;5;Z
T3;827;1653;2;54;B
T3;827;1654;2;16;Z
T3;828;1655;2;26;Z
T3;828;1656;2;4;Z
T3;829;1657;2;44;A
T3;829;1658;2;14;Z
T3;830;1659;2;44;D
T3;830;1660;1;4;Z
T3;831;1661;2;46;D
T3;831;1662;1;12;Z
T3;832;1663;2;47;B
T3;832;1664;1;12;Z
T3;833;1665;1;49;B
T3;833;1666;1;4;Z
T3;834;1667;2;21;Z
T3;834;1668;2;28;Z
T3;835;1669;2;24;Z
T3;835;1670;1;2;Z
T3;836;1671;1;41;D
T3;836;1672;2;21;Z
T3;837;1673;2;49;A
T3;837;1674;2;23;Z
T3;838;1675;1;50;B
T3;838;1676;1;8;Z
T3;839;1677;2;47;A
T3;839;1678;2;0;Z
T3;840;1679;2;21;Z
T3;840;1680;1;0;Z
T3;841;1681;1;57;D
T3;841;1682;1;8;Z
T3;842;1683;2;45;B
T3;842;1684;1;3;Z
T3;843;1685;2;43;D
T3;843;1686;1;24;Z
T3;844;1687;2;29;Z
T3;844;1688;1;12;Z
T3;845;1689;2;20;Z
T3;845;1690;2;23;Z
T3;846;1691;2;39;B
T3;846;1692;1;22;Z
T3;847;1693;2;41;A
T3;847;1694;2;22;Z
T3;848;1695;1;47;B
T3;848;1696;1;2;Z
T3;849;1697;2;47;D
T3;849;1698;1;33;D
T3;850;1699;2;30;D
T3;850;1700;2;6;Z
T3;851;1701;2;25;Z
T3;851;1702;1;10;Z
T3;852;1703;2;58;D
T3;852;1704;1;6;Z
T3;853;1705;2;36;C
T3;853;1706;1;1;Z
T3;854;1707;1;37;B
T3;854;1708;1;32;B
T3;855;1709;2;23;Z
T3;855;1710;1;25;Z
T3;856;1711;2;47;D
T3;856;1712;2;8;Z
T3;857;1713;2;47;D
T3;857;1714;2;11;Z
T3;858;1715;2;30;B
T3;858;1716;2;7;Z
T3;859;1717;2;48;A
T3;859;1718;1;12;Z
T3;860;1719;2;44;A
T3;860;1720;1;8;Z
T3;861;1721;2;26;Z
T3;861;1722;2;18;Z
T3;862;1723;2;33;B
T3;862;1724;1;13;Z
T3;863;1725;2;36;A
T3;863;1726;2;20;Z
T3;864;1727;2;57;C
T3;864;1728;1;8;Z
T3;865;1729;2;36;D
T3;865;1730;1;11;Z
T3;866;1731;2;21;Z
T3;866;1732;2;2;Z
T3;867;1733;1;45;A
T3;867;1734;1;0;Z
T3;868;1735;2;44;D
T3;868;1736;1;3;Z
T3;869;1737;2;33;A
T3;869;1738;1;21;Z
T3;870;1739;2;29;Z
T3;870;1740;2;13;Z
T3;871;1741;1;45;D
T3;871;1742;1;17;Z
T3;872;1743;2;35;A
T3;872;1744;1;0;Z
T3;873;1745;2;25;Z
T3;873;1746;1;1;Z
T3;874;1747;2;21;Z
T3;874;1748;2;14;Z
T3;875;1749;1;49;D
T3;875;1750;1;3;Z
T3;876;1751;2;50;C
T3;876;1752;2;7;Z
T3;877;1753;2;40;C
T3;877;1754;1;29;Z
T3;878;1755;1;35;B
T3;878;1756;1;18;Z
T3;879;1757;1;52;C
T3;879;1758;1;21;Z
T3;880;1759;1;57;D
T3;880;1760;2;15;Z
T3;881;1761;1;31;A
T3;881;1762;2;25;Z
T3;882;1763;2;34;B
T3;882;1764;2;13;Z
T3;883;1765;2;46;D
T3;883;1766;2;9;Z
T3;884;1767;2;52;D
T3;884;1768;1;10;Z
T3;885;1769;2;57;B
T3;885;1770;1;16;Z
T3;886;1771;2;31;A
T3;886;1772;2;7;Z
T3;887;1773;2;27;Z
T3;887;1774;2;24;Z
T3;888;1775;1;47;D
T3;888;1776;1;0;Z
T3;889;1777;2;32;C
T3;889;1778;2;3;Z
T3;890;1779;2;48;D
T3;890;1780;1;4;Z
T3;891;1781;2;29;Z
T3;891;1782;2;13;Z
T3;892;1783;2;40;C
T3;892;1784;2;10;Z
T3;893;1785;2;49;C
T3;893;1786;2;11;Z
T3;894;1787;2;41;A
T3;894;1788;2;8;Z
T3;895;1789;2;30;C
T3;895;1790;1;16;Z
T3;896;1791;2;24;Z
T3;896;1792;1;15;Z
T3;897;1793;2;52;B
T3;897;1794;2;18;Z
T3;898;1795;1;39;A
T3;898;1796;1;19;Z
T3;899;1797;2;31;B
T3;899;1798;2;1;Z
T3;900;1799;2;31;B
T3;900;1800;1;14;Z
T3;901;1801;2;28;Z
T3;901;1802;2;6;Z
T3;902;1803;2;30;C
T3;902;1804;1;1;Z
T3;903;1805;1;26;Z
T3;903;1806;1;1;Z
T3;904;1807;2;34;D
T3;904;1808;1;18;Z
T3;905;1809;2;28;Z
T3;905;1810;1;33;A
T3;906;1811;1;34;A
T3;906;1812;2;24;Z
T3;907;1813;2;31;B
T3;907;1814;2;18;Z
T3;908;1815;2;33;A
T3;908;1816;2;18;Z
T3;909;1817;1;48;D
T3;909;1818;2;11;Z
T3;910;1819;1;31;D
T3;910;1820;1;3;Z
T3;911;1821;2;39;D
T3;911;1822;1;16;Z
T3;912;1823;2;53;C
T3;912;1824;2;9;Z
T3;913;1825;1;57;D
T3;913;1826;1;2;Z
T3;914;1827;2;47;B
T3;914;1828;1;2;Z
T3;915;1829;1;55;D
T3;915;1830;1;3;Z
T3;916;1831;2;54;C
T3;916;1832;2;1;Z
T3;917;1833;2;32;B
T3;917;1834;2;21;Z
T3;918;1835;2;48;C
T3;918;1836;2;1;Z
T3;919;1837;2;40;D
T3;919;1838;2;4;Z
T3;920;1839;2;37;C
T3;920;1840;2;1;Z
T3;921;1841;2;33;A
T3;921;1842;1;3;Z
T3;922;1843;2;40;A
T3;922;1844;1;0;Z
T3;923;1845;2;30;B
T3;923;1846;1;0;Z
T3;924;1847;2;43;D
T3;924;1848;1;24;Z
T3;925;1849;2;38;D
T3;925;1850;1;0;Z
T3;926;1851;2;54;A
T3;926;1852;2;3;Z
T3;927;1853;2;44;D
T3;927;1854;2;5;Z
T3;928;1855;2;40;D
T3;928;1856;2;5;Z
T3;929;1857;1;46;D
T3;929;1858;2;1;Z
T3;930;1859;2;25;Z
T3;930;1860;2;0;Z
T3;931;1861;2;26;Z
T3;931;1862;2;13;Z
T3;932;1863;2;21;Z
T3;932;1864;1;3;Z
T3;933;1865;1;34;A
T3;933;1866;1;20;Z
T3;934;1867;2;30;B
T3;934;1868;1;9;Z
T3;935;1869;2;48;C
T3;935;1870;2;12;Z
T3;936;1871;2;47;D
T3;936;1872;1;0;Z
T3;937;1873;2;34;A
T3;937;1874;1;17;Z
T3;938;1875;2;32;D
T3;938;1876;1;0;Z
T3;939;1877;2;37;A
T3;939;1878;1;26;Z
T3;940;1879;2;47;B
T3;940;1880;2;2;Z
T3;941;1881;2;30;C
T3;941;1882;2;14;Z
T3;942;1883;2;29;Z
T3;942;1884;1;2;Z
T3;943;1885;2;30;A
T3;943;1886;2;19;Z
T3;944;1887;2;43;C
T3;944;1888;2;23;Z
T3;945;1889;2;39;B
T3;945;1890;2;15;Z
T3;946;1891;2;24;Z
T3;946;1892;1;26;Z
T3;947;1893;2;45;B
T3;947;1894;2;22;Z
T3;948;1895;2;25;Z
T3;948;1896;1;0;Z
T3;949;1897;2;58;B
T3;949;1898;2;0;Z
T3;950;1899;2;33;D
T3;950;1900;2;22;Z
T3;951;1901;2;35;D
T3;951;1902;1;4;Z
T3;952;1903;1;59;B
T3;952;1904;1;0;Z
T3;953;1905;1;59;A
T3;953;1906;1;4;Z
T3;954;1907;2;31;A
T3;954;1908;1;1;Z
T3;955;1909;2;49;C
T3;955;1910;2;21;Z
T3;956;1911;2;31;C
T3;956;1912;2;18;Z
T3;957;1913;2;34;B
T3;957;1914;1;16;Z
T3;958;1915;2;40;A
T3;958;1916;2;1;Z
T3;959;1917;2;56;B
T3;959;1918;1;7;Z
T3;960;1919;2;35;A
T3;960;1920;1;25;Z
T3;961;1921;2;39;A
T3;961;1922;2;19;Z
T3;962;1923;2;28;Z
T3;962;1924;1;22;Z
T3;963;1925;1;38;D
T3;963;1926;1;16;Z
T3;964;1927;2;51;D
T3;964;1928;2;9;Z
T3;965;1929;2;47;D
T3;965;1930;2;18;Z
T3;966;1931;2;28;Z
T3;966;1932;2;12;Z
T3;967;1933;2;34;C
T3;967;1934;2;17;Z
T3;968;1935;2;49;B
T3;968;1936;2;7;Z
T3;969;1937;2;24;Z
T3;969;1938;1;17;Z
T3;970;1939;1;29;Z
T3;970;1940;2;21;Z
T3;971;1941;2;29;Z
T3;971;1942;2;15;Z
T3;972;1943;2;33;D
T3;972;1944;2;5;Z
T3;973;1945;2;23;Z
T3;973;1946;2;28;Z
T3;974;1947;2;33;A
T3;974;1948;2;18;Z
T3;975;1949;2;52;B
T3;975;1950;2;14;Z
T3;976;1951;2;45;C
T3;976;1952;2;15;Z
T3;977;1953;1;51;D
T3;977;1954;2;21;Z
T3;978;1955;2;31;B
T3;978;1956;1;1;Z
T3;979;1957;2;52;A
T3;979;1958;1;4;Z
T3;980;1959;2;41;C
T3;980;1960;1;10;Z
T3;981;1961;1;48;D
T3;981;1962;1;2;Z
T3;982;1963;2;42;D
T3;982;1964;2;13;Z
T3;983;1965;2;44;A
T3;983;1966;2;18;Z
T3;984;1967;2;38;D
T3;984;1968;2;12;Z
T3;985;1969;2;24;Z
T3;985;1970;2;0;Z
T3;986;1971;2;41;C
T3;986;1972;1;19;Z
T3;987;1973;2;47;D
T3;987;1974;2;2;Z
T3;988;1975;2;28;Z
T3;988;1976;2;23;Z
T3;989;1977;2;57;D
T3;989;1978;1;0;Z
T3;990;1979;2;42;D
T3;990;1980;1;14;Z
T3;991;1981;2;33;C
T3;991;1982;1;21;Z
T3;992;1983;2;36;D
T3;992;1984;1;3;Z
T3;993;1985;1;29;Z
T3;993;1986;2;4;Z
T3;994;1987;2;40;B
T3;994;1988;2;10;Z
T3;995;1989;2;38;C
T3;995;1990;1;2;Z
T3;996;1991;2;29;Z
T3;996;1992;2;24;Z
T3;997;1993;2;53;D
T3;997;1994;1;1;Z
T3;998;1995;1;35;D
T3;998;1996;1;23;Z
T3;999;1997;1;27;Z
T3;999;1998;1;26;Z
T3;1000;1999;2;33;D
T3;1000;2000;2;7;Z
T3;1001;2001;2;20;Z
T3;1001;2002;2;19;Z
T3;1002;2003;2;34;C
T3;1002;2004;1;5;Z
T3;1003;2005;2;51;C
T3;1003;2006;1;14;Z
T3;1004;2007;2;20;Z
T3;1004;2008;2;7;Z
T3;1005;2009;2;56;D
T3;1005;2010;2;20;Z
T3;1006;2011;2;44;B
T3;1006;2012;1;28;Z
T3;1007;2013;2;46;D
T3;1007;2014;1;28;Z
T3;1008;2015;2;46;D
T3;1008;2016;1;20;Z
T3;1009;2017;2;27;Z
T3;1009;2018;2;9;Z
T3;1010;2019;1;40;D
T3;1010;2020;1;9;Z
T3;1011;2021;1;38;A
T3;1011;2022;1;21;Z
T3;1012;2023;2;34;D
T3;1012;2024;2;10;Z
T3;1013;2025;1;32;C
T3;1013;2026;2;0;Z
T3;1014;2027;2;48;A
T3;1014;2028;1;18;Z
T3;1015;2029;2;47;D
T3;1015;2030;1;22;Z
T3;1016;2031;2;61;C
T3;1016;2032;1;0;Z
T3;1017;2033;2;33;B
T3;1017;2034;1;1;Z
T3;1018;2035;2;49;C
T3;1018;2036;1;13;Z
T3;1019;2037;1;59;D
T3;1019;2038;1;4;Z
T3;1020;2039;2;22;Z
T3;1020;2040;2;1;Z
T3;1021;2041;2;40;D
T3;1021;2042;2;1;Z
T3;1022;2043;2;33;A
T3;1022;2044;1;14;Z
T3;1023;2045;2;35;A
T3;1023;2046;2;20;Z
T3;1024;2047;2;24;Z
T3;1024;2048;1;0;Z
T3;1025;2049;1;31;D
T3;1025;2050;2;11;D
T3;1025;2051;2;13;Z
T3;1026;2052;2;52;Z
T3;1026;2053;2;13;D
T3;1026;2054;2;4;Z
T3;1027;2055;2;28;Z
T3;1027;2056;2;9;Z
T3;1027;2057;2;12;Z
T3;1028;2058;2;36;Z
T3;1028;2059;2;11;A
T3;1028;2060;2;2;Z
T3;1029;2061;1;38;Z
T3;1029;2062;1;9;D
T3;1029;2063;1;9;Z
T3;1030;2064;2;35;Z
T3;1030;2065;2;14;D
T3;1030;2066;1;9;Z
T3;1031;2067;2;31;Z
T3;1031;2068;2;10;D
T3;1031;2069;2;11;Z
T3;1032;2070;2;48;Z
T3;1032;2071;1;7;D
T3;1032;2072;2;6;Z
T3;1033;2073;2;42;Z
T3;1033;2074;1;5;D
T3;1033;2075;2;6;Z
T3;1034;2076;1;35;Z
T3;1034;2077;2;14;D
T3;1034;2078;2;13;Z
T3;1035;2079;2;41;Z
T3;1035;2080;1;9;C
T3;1035;2081;1;0;Z
T3;1036;2082;2;20;Z
T3;1036;2083;1;5;Z
T3;1036;2084;2;13;Z
T3;1037;2085;2;31;Z
T3;1037;2086;1;8;D
T3;1037;2087;2;13;Z
T3;1038;2088;2;41;Z
T3;1038;2089;2;11;A
T3;1038;2090;1;8;Z
T3;1039;2091;1;43;Z
T3;1039;2092;2;10;D
T3;1039;2093;2;10;Z
T3;1040;2094;2;33;Z
T3;1040;2095;1;9;B
T3;1040;2096;2;6;Z
T3;1041;2097;2;33;Z
T3;1041;2098;1;6;D
T3;1041;2099;2;10;Z
T3;1042;2100;2;42;Z
T3;1042;2101;1;8;C
T3;1042;2102;1;8;Z
T3;1043;2103;2;35;Z
T3;1043;2104;1;6;D
T3;1043;2105;2;12;Z
T3;1044;2106;2;26;Z
T3;1044;2107;1;3;Z
T3;1044;2108;2;0;Z
T3;1045;2109;2;31;Z
T3;1045;2110;2;13;B
T3;1045;2111;2;8;Z
T3;1046;2112;2;40;Z
T3;1046;2113;2;10;D
T3;1046;2114;1;5;Z
T3;1047;2115;2;32;Z
T3;1047;2116;2;12;D
T3;1047;2117;2;12;Z
T3;1048;2118;2;36;Z
T3;1048;2119;1;9;D
T3;1048;2120;1;8;Z
T3;1049;2121;2;59;Z
T3;1049;2122;2;12;D
T3;1049;2123;2;13;Z
T3;1050;2124;2;40;Z
T3;1050;2125;2;2;B
T3;1050;2126;1;8;Z
T3;1051;2127;2;53;Z
T3;1051;2128;2;14;B
T3;1051;2129;2;13;Z
T3;1052;2130;2;34;Z
T3;1052;2131;2;14;B
T3;1052;2132;2;14;Z
T3;1053;2133;2;28;Z
T3;1053;2134;2;10;Z
T3;1053;2135;2;11;Z
T3;1054;2136;2;26;Z
T3;1054;2137;1;8;Z
T3;1054;2138;1;9;Z
T3;1055;2139;2;48;Z
T3;1055;2140;1;5;D
T3;1055;2141;2;13;Z
T3;1056;2142;2;36;Z
T3;1056;2143;2;11;D
T3;1056;2144;2;12;Z
T3;1057;2145;2;49;Z
T3;1057;2146;1;7;C
T3;1057;2147;2;12;Z
T3;1058;2148;2;30;Z
T3;1058;2149;1;8;A
T3;1058;2150;2;9;Z
T3;1059;2151;2;44;Z
T3;1059;2152;2;10;B
T3;1059;2153;2;11;Z
T3;1060;2154;2;32;Z
T3;1060;2155;2;9;B
T3;1060;2156;2;10;Z
T3;1061;2157;2;27;Z
T3;1061;2158;2;14;Z
T3;1061;2159;2;9;Z
T3;1062;2160;2;40;Z
T3;1062;2161;1;7;B
T3;1062;2162;2;14;Z
T3;1063;2163;2;24;Z
T3;1063;2164;1;7;Z
T3;1063;2165;1;1;Z
T3;1064;2166;1;45;Z
T3;1064;2167;2;11;D
T3;1064;2168;2;13;Z
T3;1065;2169;2;42;Z
T3;1065;2170;2;14;B
T3;1065;2171;2;13;Z
T3;1066;2172;1;42;Z
T3;1066;2173;2;4;B
T3;1066;2174;1;6;Z
T3;1067;2175;2;47;Z
T3;1067;2176;2;4;D
T3;1067;2177;1;9;Z
T3;1068;2178;2;23;Z
T3;1068;2179;1;4;Z
T3;1068;2180;2;13;Z
T3;1069;2181;2;25;Z
T3;1069;2182;2;6;Z
T3;1069;2183;2;8;Z
T3;1070;2184;2;51;Z
T3;1070;2185;2;11;C
T3;1070;2186;1;5;Z
T3;1071;2187;2;45;Z
T3;1071;2188;1;6;D
T3;1071;2189;1;6;Z
T3;1072;2190;2;28;Z
T3;1072;2191;1;0;Z
T3;1072;2192;1;6;Z
T3;1073;2193;2;35;Z
T3;1073;2194;1;5;C
T3;1073;2195;1;3;Z
T3;1074;2196;2;46;Z
T3;1074;2197;1;3;B
T3;1074;2198;2;7;Z
T3;1075;2199;2;31;Z
T3;1075;2200;1;7;B
T3;1075;2201;2;1;Z
T3;1076;2202;2;23;Z
T3;1076;2203;1;9;Z
T3;1076;2204;1;7;Z
T3;1077;2205;2;43;Z
T3;1077;2206;2;11;A
T3;1077;2207;1;8;Z
T3;1078;2208;2;44;Z
T3;1078;2209;1;7;D
T3;1078;2210;2;8;Z
T3;1079;2211;2;48;Z
T3;1079;2212;2;13;C
T3;1079;2213;2;14;Z
T3;1080;2214;2;29;Z
T3;1080;2215;2;14;Z
T3;1080;2216;1;5;Z
T3;1081;2217;1;42;Z
T3;1081;2218;2;14;A
T3;1081;2219;2;11;Z
T3;1082;2220;1;50;Z
T3;1082;2221;1;0;B
T3;1082;2222;2;11;Z
T3;1083;2223;2;44;Z
T3;1083;2224;2;13;D
T3;1083;2225;2;12;Z
T3;1084;2226;2;45;Z
T3;1084;2227;1;7;C
T3;1084;2228;1;7;Z
T3;1085;2229;2;27;Z
T3;1085;2230;1;7;Z
T3;1085;2231;1;3;Z
T3;1086;2232;2;49;Z
T3;1086;2233;1;8;D
T3;1086;2234;1;8;Z
T3;1087;2235;2;31;Z
T3;1087;2236;2;7;A
T3;1087;2237;1;6;Z
T3;1088;2238;2;38;Z
T3;1088;2239;2;11;D
T3;1088;2240;1;7;Z
T3;1089;2241;2;41;Z
T3;1089;2242;2;12;D
T3;1089;2243;1;7;Z
T3;1090;2244;2;32;Z
T3;1090;2245;1;1;D
T3;1090;2246;1;6;Z
T3;1091;2247;2;27;Z
T3;1091;2248;2;13;Z
T3;1091;2249;1;9;Z
T3;1092;2250;1;41;Z
T3;1092;2251;1;0;A
T3;1092;2252;2;10;Z
T3;1093;2253;2;32;Z
T3;1093;2254;1;4;D
T3;1093;2255;1;9;Z
T3;1094;2256;2;40;Z
T3;1094;2257;1;7;D
T3;1094;2258;2;11;Z
T3;1095;2259;2;33;Z
T3;1095;2260;2;13;C
T3;1095;2261;2;8;Z
T3;1096;2262;2;37;Z
T3;1096;2263;1;7;C
T3;1096;2264;1;6;Z
T3;1097;2265;2;27;Z
T3;1097;2266;2;10;Z
T3;1097;2267;2;0;Z
T3;1098;2268;2;35;Z
T3;1098;2269;2;11;D
T3;1098;2270;2;10;Z
T3;1099;2271;2;49;Z
T3;1099;2272;2;10;B
T3;1099;2273;1;6;Z
T3;1100;2274;1;46;Z
T3;1100;2275;2;14;B
T3;1100;2276;1;5;Z
T3;1101;2277;2;29;Z
T3;1101;2278;1;5;Z
T3;1101;2279;2;10;Z
T3;1102;2280;2;30;Z
T3;1102;2281;2;11;A
T3;1102;2282;1;9;Z
T3;1103;2283;1;46;Z
T3;1103;2284;2;6;A
T3;1103;2285;2;1;Z
T3;1104;2286;2;27;Z
T3;1104;2287;1;8;Z
T3;1104;2288;1;8;Z
T3;1105;2289;2;49;Z
T3;1105;2290;1;4;C
T3;1105;2291;2;11;Z
T3;1106;2292;2;47;Z
T3;1106;2293;1;5;D
T3;1106;2294;2;12;Z
T3;1107;2295;2;31;Z
T3;1107;2296;2;9;B
T3;1107;2297;1;9;Z
T3;1108;2298;2;38;Z
T3;1108;2299;1;5;A
T3;1108;2300;2;7;Z
T3;1109;2301;2;52;Z
T3;1109;2302;1;6;A
T3;1109;2303;2;3;Z
T3;1110;2304;1;47;Z
T3;1110;2305;1;7;A
T3;1110;2306;2;12;Z
T3;1111;2307;2;46;Z
T3;1111;2308;2;13;D
T3;1111;2309;2;12;Z
T3;1112;2310;2;57;Z
T3;1112;2311;1;2;D
T3;1112;2312;2;10;Z
T3;1113;2313;2;42;Z
T3;1113;2314;1;7;D
T3;1113;2315;2;2;Z
T3;1114;2316;2;29;Z
T3;1114;2317;2;14;Z
T3;1114;2318;2;5;Z
T3;1115;2319;2;22;Z
T3;1115;2320;2;11;Z
T3;1115;2321;1;9;Z
T3;1116;2322;2;48;Z
T3;1116;2323;2;10;D
T3;1116;2324;2;10;Z
T3;1117;2325;2;36;Z
T3;1117;2326;1;6;D
T3;1117;2327;1;8;Z
T3;1118;2328;2;52;Z
T3;1118;2329;2;14;A
T3;1118;2330;1;9;Z
T3;1119;2331;2;49;Z
T3;1119;2332;1;6;B
T3;1119;2333;2;13;Z
T3;1120;2334;1;49;Z
T3;1120;2335;2;11;B
T3;1120;2336;1;5;Z
T3;1121;2337;2;50;Z
T3;1121;2338;1;8;D
T3;1121;2339;1;6;Z
T3;1122;2340;2;31;Z
T3;1122;2341;2;12;C
T3;1122;2342;2;10;Z
T3;1123;2343;2;31;Z
T3;1123;2344;2;5;C
T3;1123;2345;1;5;Z
T3;1124;2346;2;52;Z
T3;1124;2347;1;4;D
T3;1124;2348;1;8;Z
T3;1125;2349;2;26;Z
T3;1125;2350;2;12;Z
T3;1125;2351;2;12;Z
T3;1126;2352;1;35;Z
T3;1126;2353;1;2;C
T3;1126;2354;1;8;Z
T3;1127;2355;2;52;Z
T3;1127;2356;2;13;A
T3;1127;2357;1;3;Z
T3;1128;2358;1;36;Z
T3;1128;2359;1;9;C
T3;1128;2360;2;10;Z
T3;1129;2361;2;34;Z
T3;1129;2362;2;6;B
T3;1129;2363;2;14;Z
T3;1130;2364;2;21;Z
T3;1130;2365;2;13;Z
T3;1130;2366;2;10;Z
T3;1131;2367;2;22;Z
T3;1131;2368;2;10;Z
T3;1131;2369;1;7;Z
T3;1132;2370;2;53;Z
T3;1132;2371;1;6;D
T3;1132;2372;2;10;Z
T3;1133;2373;2;35;Z
T3;1133;2374;1;7;A
T3;1133;2375;2;12;Z
T3;1134;2376;2;41;Z
T3;1134;2377;2;12;D
T3;1134;2378;1;6;Z
T3;1135;2379;2;30;Z
T3;1135;2380;1;6;B
T3;1135;2381;2;12;Z
T3;1136;2382;2;27;Z
T3;1136;2383;2;12;Z
T3;1136;2384;2;12;Z
T3;1137;2385;2;33;Z
T3;1137;2386;1;5;B
T3;1137;2387;1;7;Z
T3;1138;2388;2;30;Z
T3;1138;2389;2;10;B
T3;1138;2390;2;14;Z
T3;1139;2391;2;30;Z
T3;1139;2392;1;7;D
T3;1139;2393;2;10;Z
T3;1140;2394;2;47;Z
T3;1140;2395;1;6;D
T3;1140;2396;2;12;Z
T3;1141;2397;1;43;Z
T3;1141;2398;1;8;D
T3;1141;2399;2;10;Z
T3;1142;2400;2;37;Z
T3;1142;2401;2;11;C
T3;1142;2402;1;0;Z
T3;1143;2403;2;46;Z
T3;1143;2404;1;8;A
T3;1143;2405;2;10;Z
T3;1144;2406;2;32;Z
T3;1144;2407;2;12;D
T3;1144;2408;1;3;Z
T3;1145;2409;2;29;Z
T3;1145;2410;2;6;Z
T3;1145;2411;1;8;Z
T3;1146;2412;1;48;Z
T3;1146;2413;2;10;D
T3;1146;2414;2;14;Z
T3;1147;2415;2;23;Z
T3;1147;2416;2;13;Z
T3;1147;2417;1;1;Z
T3;1148;2418;1;36;Z
T3;1148;2419;1;3;D
T3;1148;2420;1;9;Z
T3;1149;2421;2;30;Z
T3;1150;2423;2;56;C
T3;1150;2424;2;2;Z
T3;1150;2424;2;13;Z
T3;1150;2425;2;6;Z
T3;1151;2425;2;44;B
T3;1151;2426;2;7;Z
T3;1151;2426;2;0;Z
T3;1151;2427;1;11;Z
T3;1152;2427;2;42;D
T3;1152;2428;2;14;Z
T3;1152;2428;1;19;Z
T3;1152;2429;2;4;Z
T3;1153;2429;2;30;D
T3;1153;2430;1;8;Z
T3;1153;2430;1;2;Z
T3;1153;2431;2;15;Z
T3;1154;2431;2;58;B
T3;1154;2432;1;19;Z
T3;1154;2432;1;8;Z
T3;1154;2433;2;11;Z
T3;1155;2433;2;45;C
T3;1155;2434;2;9;Z
T3;1155;2434;1;17;Z
T3;1155;2435;2;7;Z
T3;1156;2435;2;41;B
T3;1156;2436;1;19;Z
T3;1156;2436;1;1;Z
T3;1156;2437;2;6;Z
T3;1157;2437;2;42;D
T3;1157;2438;2;19;Z
T3;1157;2438;2;13;Z
T3;1157;2439;2;17;Z
T3;1158;2439;2;38;D
T3;1158;2440;2;17;Z
T3;1158;2440;1;6;Z
T3;1158;2441;1;28;Z
T3;1159;2441;2;42;A
T3;1159;2442;1;9;Z
T3;1159;2442;1;4;Z
T3;1159;2443;2;1;Z
T3;1160;2443;2;43;A
T3;1160;2444;2;14;Z
T3;1160;2444;2;12;Z
T3;1160;2445;2;2;Z
T3;1161;2445;2;41;D
T3;1161;2446;2;15;Z
T3;1161;2446;1;18;Z
T3;1161;2447;2;15;Z
T3;1162;2447;2;45;D
T3;1162;2448;2;14;Z
T3;1162;2448;1;2;Z
T3;1162;2449;1;6;Z
T3;1163;2449;1;36;B
T3;1163;2450;1;14;Z
T3;1163;2450;2;14;Z
T3;1163;2451;2;5;Z
T3;1164;2451;2;48;C
T3;1164;2452;1;15;Z
T3;1164;2452;1;21;Z
T3;1164;2453;1;5;Z
T3;1165;2453;2;35;A
T3;1165;2454;2;19;Z
T3;1165;2454;1;5;Z
T3;1165;2455;1;10;Z
T3;1166;2455;2;39;A
T3;1166;2456;1;17;Z
T3;1166;2456;2;4;Z
T3;1166;2457;1;12;Z
T3;1167;2457;2;41;D
T3;1167;2458;1;11;Z
T3;1167;2458;2;6;Z
T3;1167;2459;1;13;Z
T3;1168;2459;2;31;A
T3;1168;2460;2;11;Z
T3;1168;2460;2;7;Z
T3;1168;2461;1;6;Z
T3;1169;2461;2;41;B
T3;1169;2462;2;33;D
T3;1169;2462;1;9;Z
T3;1169;2463;1;10;Z
T3;1170;2463;1;34;B
T3;1170;2464;2;0;Z
T3;1170;2464;2;17;Z
T3;1170;2465;2;18;Z
T3;1171;2465;2;36;D
T3;1171;2466;2;19;Z
T3;1171;2466;2;17;Z
T3;1171;2467;1;0;Z
T3;1172;2467;2;37;A
T3;1172;2468;2;20;Z
T3;1172;2468;1;25;Z
T3;1172;2469;1;9;Z
T3;1173;2469;2;40;D
T3;1173;2470;2;14;Z
T3;1173;2470;2;38;D
T3;1173;2471;1;9;Z
T3;1174;2471;2;36;C
T3;1174;2472;2;6;Z
T3;1174;2472;2;15;Z
T3;1174;2473;1;34;C
T3;1175;2473;2;42;B
T3;1175;2474;1;5;Z
T3;1175;2474;1;11;Z
T3;1175;2475;2;22;Z
T3;1176;2475;2;49;D
T3;1176;2476;2;8;Z
T3;1176;2476;1;0;Z
T3;1176;2477;2;29;Z
T3;1177;2477;2;33;C
T3;1177;2478;1;17;Z
T3;1177;2478;2;12;Z
T3;1177;2479;2;35;C
T3;1178;2479;2;37;D
T3;1178;2480;2;23;Z
T3;1178;2480;2;10;Z
T3;1178;2481;2;18;Z
T3;1179;2481;2;32;C
T3;1179;2482;1;9;Z
T3;1179;2482;2;17;Z
T3;1179;2483;1;22;Z
T3;1180;2483;2;44;D
T3;1180;2484;1;7;Z
T3;1180;2484;1;16;Z
T3;1180;2485;2;16;Z
T3;1181;2485;2;47;D
T3;1181;2486;1;9;Z
T3;1181;2486;1;7;Z
T3;1181;2487;2;11;Z
T3;1182;2487;2;43;C
T3;1182;2488;2;6;Z
T3;1182;2488;1;17;Z
T3;1182;2489;2;8;Z
T3;1183;2489;2;46;B
T3;1183;2490;2;7;Z
T3;1183;2490;1;21;Z
T3;1183;2491;1;12;Z
T3;1184;2491;2;53;C
T3;1184;2492;1;17;Z
T3;1184;2492;1;13;Z
T3;1184;2493;2;1;Z
T3;1185;2493;2;39;D
T3;1185;2494;1;15;Z
T3;1185;2494;2;15;Z
T3;1185;2495;2;8;Z
T3;1186;2495;2;26;Z
T3;1186;2496;2;14;Z
T3;1186;2496;2;39;C
T3;1186;2497;1;16;Z
T3;1187;2497;1;38;B
T3;1187;2498;1;8;Z
T3;1187;2498;2;13;Z
T3;1187;2499;1;17;Z
T3;1188;2499;2;37;D
T3;1188;2500;1;11;Z
T3;1188;2500;1;20;Z
T3;1188;2501;2;7;Z
T3;1189;2501;2;38;D
T3;1189;2502;2;5;Z
T3;1189;2502;1;7;Z
T3;1189;2503;2;39;B
T3;1190;2503;2;42;B
T3;1190;2504;2;21;Z
T3;1190;2504;2;10;Z
T3;1190;2505;2;10;Z
T3;1191;2505;2;40;C
T3;1191;2506;2;16;Z
T3;1191;2506;2;15;Z
T3;1191;2507;2;11;Z
T3;1192;2507;2;37;C
T3;1192;2508;2;16;Z
T3;1192;2508;2;17;Z
T3;1192;2509;1;1;Z
T3;1193;2509;1;33;D
T3;1193;2510;1;9;Z
T3;1193;2510;1;13;Z
T3;1193;2511;2;38;D
T3;1194;2511;2;48;D
T3;1194;2512;1;7;Z
T3;1194;2512;2;8;Z
T3;1194;2513;2;14;Z
T3;1195;2513;2;37;B
T3;1195;2514;2;14;Z
T3;1195;2514;1;29;Z
T3;1195;2515;2;29;Z
T3;1196;2515;1;31;D
T3;1196;2516;1;16;Z
T3;1196;2516;2;23;Z
T3;1196;2517;1;5;Z
T3;1197;2517;2;38;C
T3;1197;2518;2;12;Z
T3;1197;2518;2;3;Z
T3;1197;2519;2;25;Z
T3;1198;2519;2;42;C
T3;1198;2520;1;10;Z
T3;1198;2520;1;2;Z
T3;1198;2521;2;14;Z
T3;1199;2521;2;44;A
T3;1199;2522;2;0;Z
T3;1199;2522;2;12;Z
T3;1199;2523;2;14;Z
T3;1200;2523;2;38;D
T3;1200;2524;1;22;Z
T3;1200;2524;1;5;Z
T3;1200;2525;2;37;D
T3;1201;2525;2;38;D
T3;1201;2526;2;5;Z
T3;1201;2526;1;10;Z
T3;1201;2527;1;17;Z
T3;1202;2527;2;50;D
T3;1202;2528;1;12;Z
T3;1202;2528;2;6;Z
T3;1202;2529;1;0;Z
T3;1203;2529;2;36;B
T3;1203;2530;2;12;Z
T3;1203;2530;2;0;Z
T3;1203;2531;1;5;Z
T3;1204;2531;2;47;D
T3;1204;2532;1;8;Z
T3;1204;2532;1;16;Z
T3;1204;2533;2;18;Z
T3;1205;2533;1;38;B
T3;1205;2534;2;17;Z
T3;1205;2534;1;14;Z
T3;1205;2535;2;25;Z
T3;1206;2535;2;44;D
T3;1206;2536;2;38;D
T3;1206;2536;1;14;Z
T3;1206;2537;2;16;Z
T3;1207;2537;2;47;C
T3;1207;2538;2;13;Z
T3;1207;2538;1;17;Z
T3;1207;2539;2;12;Z
T3;1208;2539;2;44;D
T3;1208;2540;1;5;Z
T3;1208;2540;2;14;Z
T3;1208;2541;1;20;Z
T3;1209;2541;2;39;D
T3;1209;2542;2;30;D
T3;1209;2542;2;9;Z
T3;1209;2543;1;27;Z
T3;1210;2543;2;41;C
T3;1210;2544;1;7;Z
T3;1210;2544;1;21;Z
T3;1210;2545;2;10;Z
T3;1211;2545;2;24;Z
T3;1211;2546;1;14;Z
T3;1211;2546;1;27;Z
T3;1211;2547;2;24;Z
T3;1212;2547;2;40;C
T3;1212;2548;1;12;Z
T3;1212;2548;1;29;Z
T3;1212;2549;1;24;Z
T3;1213;2549;2;44;D
T3;1213;2550;2;19;Z
T3;1213;2550;2;12;Z
T3;1213;2551;2;2;Z
T3;1214;2551;2;43;B
T3;1214;2552;1;12;Z
T3;1214;2552;2;18;Z
T3;1214;2553;2;10;Z
T3;1215;2553;1;40;D
T3;1215;2554;1;15;Z
T3;1215;2554;2;2;Z
T3;1215;2555;1;8;Z
T3;1216;2555;2;51;A
T3;1216;2556;1;17;Z
T3;1216;2556;2;7;Z
T3;1216;2557;1;10;Z
T3;1217;2557;2;41;A
T3;1217;2558;1;12;Z
T3;1217;2558;1;5;Z
T3;1217;2559;1;4;Z
T3;1218;2559;1;54;D
T3;1218;2560;2;7;Z
T3;1218;2560;1;4;Z
T3;1218;2561;1;17;Z
T3;1219;2561;2;37;C
T3;1219;2562;2;39;C
T3;1219;2562;1;8;Z
T3;1219;2563;2;25;Z
T3;1220;2563;2;40;C
T3;1220;2564;2;0;Z
T3;1220;2564;2;38;C
T3;1220;2565;2;9;Z
T3;1221;2565;2;50;B
T3;1221;2566;1;6;Z
T3;1221;2566;1;15;Z
T3;1221;2567;2;9;Z
T3;1222;2567;2;35;D
T3;1222;2568;1;5;Z
T3;1222;2568;2;6;Z
T3;1222;2569;1;12;Z
T3;1223;2569;1;30;C
T3;1223;2570;2;21;Z
T3;1223;2570;2;11;Z
T3;1223;2571;2;16;Z
T3;1224;2571;1;39;D
T3;1224;2572;1;22;Z
T3;1224;2572;1;19;Z
T3;1224;2573;2;7;Z
T3;1225;2573;2;35;D
T3;1225;2574;2;8;Z
T3;1225;2574;2;11;Z
T3;1225;2575;2;26;Z
T3;1226;2575;2;44;D
T3;1226;2576;2;8;Z
T3;1226;2576;2;11;Z
T3;1226;2577;2;6;Z
T3;1227;2577;2;43;A
T3;1227;2578;1;1;Z
T3;1227;2578;1;10;Z
T3;1227;2579;1;6;Z
T3;1228;2579;2;41;B
T3;1228;2580;1;5;Z
T3;1228;2580;1;8;Z
T3;1228;2581;2;11;Z
T3;1229;2581;2;28;Z
T3;1229;2582;2;5;Z
T3;1229;2582;1;5;Z
T3;1229;2583;1;5;Z
T3;1230;2583;2;35;C
T3;1230;2584;1;11;Z
T3;1230;2584;1;12;Z
T3;1230;2585;1;20;Z
T3;1231;2585;2;43;B
T3;1231;2586;2;6;Z
T3;1231;2586;2;36;D
T3;1231;2587;1;8;Z
T3;1232;2587;2;44;D
T3;1232;2588;2;0;Z
T3;1232;2588;1;24;Z
T3;1232;2589;1;9;Z
T3;1233;2589;2;43;D
T3;1233;2590;2;9;Z
T3;1233;2590;1;12;Z
T3;1233;2591;1;21;Z
T3;1234;2591;2;31;D
T3;1234;2592;2;12;Z
T3;1234;2592;1;5;Z
T3;1234;2593;1;14;Z
T3;1235;2593;2;47;B
T3;1235;2594;1;3;Z
T3;1235;2594;1;20;Z
T3;1235;2595;2;17;Z
T3;1236;2595;2;44;D
T3;1236;2596;1;13;Z
T3;1236;2596;2;2;Z
T3;1236;2597;2;8;Z
T3;1237;2597;2;39;C
T3;1237;2598;1;18;Z
T3;1237;2598;2;28;Z
T3;1237;2599;1;13;Z
T3;1238;2599;2;38;A
T3;1238;2600;1;14;Z
T3;1238;2600;1;18;Z
T3;1238;2601;2;1;Z
T3;1239;2601;2;52;B
T3;1239;2602;2;15;Z
T3;1239;2602;2;27;Z
T3;1239;2603;2;10;Z
T3;1240;2603;2;52;B
T3;1240;2604;1;23;Z
T3;1240;2604;2;2;Z
T3;1240;2605;2;18;Z
T3;1241;2605;2;44;C
T3;1241;2606;1;14;Z
T3;1241;2606;2;10;Z
T3;1241;2607;1;6;Z
T3;1242;2607;2;41;B
T3;1242;2608;2;13;Z
T3;1242;2608;2;11;Z
T3;1242;2609;1;9;Z
T3;1243;2609;2;46;A
T3;1243;2610;2;19;Z
T3;1243;2610;2;39;B
T3;1243;2611;1;8;Z
T3;1244;2611;2;30;A
T3;1244;2612;1;13;Z
T3;1244;2612;2;32;B
T3;1244;2613;2;6;Z
T3;1245;2613;2;47;A
T3;1245;2614;1;7;Z
T3;1245;2614;2;26;Z
T3;1245;2615;2;8;Z
T3;1246;2615;2;33;B
T3;1246;2616;1;11;Z
T3;1246;2616;2;7;Z
T3;1246;2617;1;27;Z
T3;1247;2617;2;40;A
T3;1247;2618;2;6;Z
T3;1247;2618;2;6;Z
T3;1247;2619;1;5;Z
T3;1248;2619;2;35;D
T3;1248;2620;2;0;Z
T3;1248;2620;2;5;Z
T3;1248;2621;2;12;Z
T3;1249;2621;2;36;D
T3;1249;2622;1;15;Z
T3;1249;2622;1;15;Z
T3;1249;2623;2;17;Z
T3;1250;2623;2;31;C
T3;1250;2624;1;23;Z
T3;1250;2624;1;17;Z
T3;1250;2625;2;8;Z
T3;1251;2625;2;38;A
T3;1251;2626;2;0;Z
T3;1251;2626;2;14;Z
T3;1251;2627;2;16;Z
T3;1252;2627;2;36;C
T3;1252;2628;2;2;Z
T3;1252;2628;1;27;Z
T3;1252;2629;2;16;Z
T3;1253;2629;2;47;C
T3;1253;2630;2;12;Z
T3;1253;2630;2;7;Z
T3;1253;2631;2;11;Z
T3;1254;2631;2;37;C
T3;1254;2632;2;4;Z
T3;1254;2632;2;37;B
T3;1254;2633;1;47;B
T3;1255;2633;2;38;C
T3;1255;2634;2;5;Z
T3;1255;2634;2;13;Z
T3;1255;2635;1;7;Z
T3;1256;2635;2;44;A
T3;1256;2636;1;22;Z
T3;1256;2636;1;9;Z
T3;1256;2637;1;24;Z
T3;1257;2637;2;36;D
T3;1257;2638;1;3;Z
T3;1257;2638;2;11;Z
T3;1257;2639;1;5;Z
T3;1258;2639;2;47;B
T3;1258;2640;2;4;Z
T3;1258;2640;1;17;Z
T3;1258;2641;1;17;Z
T3;1259;2641;2;39;D
T3;1259;2642;2;5;Z
T3;1259;2642;1;11;Z
T3;1259;2643;2;11;Z
T3;1260;2643;2;40;B
T3;1260;2644;1;19;Z
T3;1260;2644;1;21;Z
T3;1260;2645;1;19;Z
T3;1261;2645;2;41;C
T3;1261;2646;1;19;Z
T3;1261;2646;2;14;Z
T3;1261;2647;2;11;Z
T3;1262;2647;2;40;D
T3;1262;2648;2;5;Z
T3;1262;2648;2;12;Z
T3;1262;2649;2;11;Z
T3;1263;2649;2;27;Z
T3;1263;2650;2;6;Z
T3;1263;2650;1;4;Z
T3;1263;2651;1;17;Z
T3;1264;2651;2;44;A
T3;1264;2652;2;18;Z
T3;1264;2652;2;9;Z
T3;1264;2653;1;9;Z
T3;1265;2653;2;27;Z
T3;1265;2654;1;9;Z
T3;1265;2654;1;29;Z
T3;1265;2655;2;14;Z
T3;1266;2655;1;40;B
T3;1266;2656;1;29;Z
T3;1266;2656;2;27;Z
T3;1266;2657;2;7;Z
T3;1267;2657;2;30;B
T3;1267;2658;2;21;Z
T3;1267;2658;1;23;Z
T3;1267;2659;2;14;Z
T3;1268;2659;2;44;D
T3;1268;2660;2;19;Z
T3;1268;2660;2;9;Z
T3;1268;2661;1;19;Z
T3;1269;2661;2;43;C
T3;1269;2662;1;20;Z
T3;1269;2662;1;3;Z
T3;1269;2663;2;7;Z
T3;1270;2663;2;32;A
T3;1270;2664;1;10;Z
T3;1270;2664;2;23;Z
T3;1270;2665;1;18;Z
T3;1271;2665;1;30;C
T3;1271;2666;1;11;Z
T3;1271;2666;1;12;Z
T3;1271;2667;2;8;Z
T3;1272;2667;2;39;C
T3;1272;2668;2;9;Z
T3;1272;2668;1;5;Z
T3;1272;2669;1;48;C
T3;1273;2669;2;48;D
T3;1273;2670;1;16;Z
T3;1273;2670;2;35;C
T3;1273;2671;1;13;Z
T3;1274;2671;2;30;B
T3;1274;2672;1;12;Z
T3;1274;2672;1;9;Z
T3;1274;2673;1;14;Z
T3;1275;2673;2;36;B
T3;1275;2674;2;17;Z
T3;1275;2674;2;24;Z
T3;1275;2675;2;17;Z
T3;1276;2675;1;35;D
T3;1276;2676;2;8;Z
T3;1276;2676;1;23;Z
T3;1276;2677;2;32;C
T3;1277;2677;2;48;D
T3;1277;2678;1;17;Z
T3;1277;2678;1;2;Z
T3;1277;2679;2;14;Z
T3;1278;2679;2;42;A
T3;1278;2680;2;12;Z
T3;1278;2680;2;18;Z
T3;1278;2681;1;18;Z
T3;1279;2681;2;45;D
T3;1279;2682;1;6;Z
T3;1279;2682;1;8;Z
T3;1279;2683;2;8;Z
T3;1280;2683;2;44;B
T3;1280;2684;2;10;Z
T3;1280;2684;2;0;Z
T3;1280;2685;1;15;Z
T3;1281;2685;2;58;D
T3;1281;2686;1;22;Z
T3;1281;2686;1;48;D
T3;1281;2687;1;10;Z
T3;1282;2687;2;39;C
T3;1282;2688;2;23;Z
T3;1282;2688;1;6;Z
T3;1282;2689;1;18;Z
T3;1283;2689;2;44;C
T3;1283;2690;1;5;Z
T3;1283;2690;2;29;Z
T3;1283;2691;1;9;Z
T3;1284;2691;2;40;C
T3;1284;2692;1;14;Z
T3;1284;2692;1;14;Z
T3;1284;2693;1;28;Z
T3;1285;2693;2;41;C
T3;1285;2694;2;21;Z
T3;1285;2694;1;12;Z
T3;1285;2695;2;14;Z
T3;1286;2695;2;42;B
T3;1286;2696;1;13;Z
T3;1286;2696;1;23;Z
T3;1286;2697;2;12;Z
T3;1287;2697;1;38;D
T3;1287;2698;2;12;Z
T3;1287;2698;1;6;Z
T3;1287;2699;1;0;Z
T3;1288;2699;2;57;B
T3;1288;2700;1;19;Z
T3;1288;2700;2;19;Z
T3;1288;2701;2;7;Z
T3;1289;2701;2;40;D
T3;1289;2702;1;15;Z
T3;1289;2702;2;11;Z
T3;1289;2703;2;0;Z
T3;1290;2703;2;36;C
T3;1290;2704;2;13;Z
T3;1290;2704;1;0;Z
T3;1290;2705;1;13;Z
T3;1291;2705;2;33;D
T3;1291;2706;1;14;Z
T3;1291;2706;1;12;Z
T3;1291;2707;1;5;Z
T3;1292;2707;2;33;C
T3;1292;2708;2;10;Z
T3;1292;2708;1;13;Z
T3;1292;2709;1;5;Z
T3;1293;2709;2;27;Z
T3;1293;2710;1;19;Z
T3;1293;2710;2;8;Z
T3;1293;2711;2;24;Z
T3;1294;2711;1;39;C
T3;1294;2712;1;16;Z
T3;1294;2712;2;17;Z
T3;1294;2713;2;12;Z
T3;1295;2713;2;37;D
T3;1295;2714;2;35;C
T3;1295;2714;1;16;Z
T3;1295;2715;1;9;Z
T3;1296;2715;1;52;C
T3;1296;2716;1;5;Z
T3;1296;2716;2;15;Z
T3;1296;2717;1;10;Z
T3;1297;2717;2;42;D
T3;1297;2718;1;16;Z
T3;1297;2718;2;10;Z
T3;1297;2719;2;7;Z
T3;1298;2719;2;33;D
T3;1298;2720;1;9;Z
T3;1298;2720;1;18;Z
T3;1298;2721;1;8;Z
T3;1299;2721;2;27;Z
T3;1299;2722;1;24;Z
T3;1299;2722;1;4;Z
T3;1299;2723;1;1;Z
T3;1300;2723;2;36;D
T3;1300;2724;2;39;D
T3;1300;2724;2;4;Z
T3;1300;2725;2;16;Z
T3;1301;2725;2;43;C
T3;1301;2726;1;8;Z
T3;1301;2726;2;11;Z
T3;1301;2727;1;4;Z
T3;1302;2727;1;33;B
T3;1302;2728;2;2;Z
T3;1302;2728;2;3;Z
T3;1302;2729;2;11;Z
T3;1303;2729;2;36;B
T3;1303;2730;1;6;Z
T3;1303;2730;1;12;Z
T3;1303;2731;1;7;Z
T3;1304;2731;2;42;C
T3;1304;2732;1;18;Z
T3;1304;2732;1;18;Z
T3;1304;2733;2;12;Z
T3;1305;2733;2;55;D
T3;1305;2734;2;4;Z
T3;1305;2734;2;13;Z
T3;1305;2735;2;4;Z
T3;1306;2735;2;38;D
T3;1306;2736;1;13;Z
T3;1306;2736;2;11;Z
T3;1306;2737;1;26;Z
T3;1307;2737;2;58;B
T3;1307;2738;2;18;Z
T3;1307;2738;1;14;Z
T3;1307;2739;1;11;Z
T3;1308;2739;2;45;B
T3;1308;2740;1;8;Z
T3;1308;2740;1;10;Z
T3;1308;2741;1;5;Z
T3;1309;2741;2;43;D
T3;1309;2742;1;16;Z
T3;1309;2742;1;24;Z
T3;1309;2743;1;15;Z
T3;1310;2743;2;48;C
T3;1310;2744;2;14;Z
T3;1310;2744;1;26;Z
T3;1310;2745;2;18;Z
T3;1311;2745;2;41;C
T3;1311;2746;2;2;Z
T3;1311;2746;2;16;Z
T3;1311;2747;2;14;Z
T3;1312;2747;2;35;C
T3;1312;2748;2;10;Z
T3;1312;2748;1;13;Z
T3;1312;2749;1;13;Z
T3;1313;2749;2;38;D
T3;1313;2750;1;8;Z
T3;1313;2750;1;23;Z
T3;1313;2751;2;16;Z
T3;1314;2751;2;36;B
T3;1314;2752;1;11;Z
T3;1314;2752;1;10;Z
T3;1314;2753;1;6;Z
T3;1315;2753;2;40;A
T3;1315;2754;1;8;Z
T3;1315;2754;2;14;Z
T3;1315;2755;2;4;Z
T3;1316;2755;2;39;D
T3;1316;2756;1;9;Z
T3;1316;2756;2;2;Z
T3;1316;2757;1;7;Z
T3;1317;2757;2;39;D
T3;1317;2758;1;5;Z
T3;1317;2758;2;22;Z
T3;1317;2759;1;18;Z
T3;1318;2759;1;31;C
T3;1318;2760;2;21;Z
T3;1318;2760;2;9;Z
T3;1318;2761;2;12;Z
T3;1319;2761;2;43;B
T3;1319;2762;1;10;Z
T3;1319;2762;2;15;Z
T3;1319;2763;1;46;D
T3;1320;2763;2;44;C
T3;1320;2764;2;3;Z
T3;1320;2764;1;18;Z
T3;1320;2765;2;0;Z
T3;1321;2765;2;46;D
T3;1321;2766;1;20;Z
T3;1321;2766;1;6;Z
T3;1321;2767;1;5;Z
T3;1322;2767;2;33;D
T3;1322;2768;2;34;B
T3;1322;2768;1;0;Z
T3;1322;2769;1;22;Z
T3;1323;2769;2;37;D
T3;1323;2770;1;10;Z
T3;1323;2770;2;7;Z
T3;1323;2771;1;0;Z
T3;1324;2771;2;36;B
T3;1324;2772;1;1;Z
T3;1324;2772;1;13;Z
T3;1324;2773;1;12;Z
T3;1325;2773;2;36;D
T3;1325;2774;2;15;Z
T3;1325;2774;2;21;Z
T3;1325;2775;2;13;Z
T3;1326;2775;2;56;D
T3;1326;2776;1;5;Z
T3;1326;2776;1;25;Z
T3;1326;2777;2;0;Z
T3;1327;2777;2;28;Z
T3;1327;2778;2;0;Z
T3;1327;2778;1;16;Z
T3;1327;2779;1;8;Z
T3;1328;2779;2;25;Z
T3;1328;2780;1;29;Z
T3;1328;2780;2;6;Z
T3;1328;2781;2;11;Z
T3;1329;2781;2;39;D
T3;1329;2782;2;0;Z
T3;1329;2782;2;6;Z
T3;1329;2783;1;6;Z
T3;1330;2783;1;42;D
T3;1330;2784;1;10;Z
T3;1330;2784;2;9;Z
T3;1330;2785;2;5;Z
T3;1331;2785;2;35;B
T3;1331;2786;1;0;Z
T3;1331;2786;1;12;Z
T3;1331;2787;2;12;Z
T3;1332;2787;1;34;C
T3;1332;2788;2;16;Z
T3;1332;2788;2;35;D
T3;1332;2789;1;12;Z
T3;1333;2789;2;37;B
T3;1333;2790;2;1;Z
T3;1333;2790;1;17;Z
T3;1333;2791;1;7;Z
T3;1334;2791;2;37;C
T3;1334;2792;1;9;Z
T3;1334;2792;2;13;Z
T3;1334;2793;2;8;Z
T3;1335;2793;1;30;A
T3;1335;2794;1;10;Z
T3;1335;2794;1;48;C
T3;1335;2795;2;7;Z
T3;1336;2795;1;41;A
T3;1336;2796;2;11;Z
T3;1336;2796;1;1;Z
T3;1336;2797;2;8;Z
T3;1337;2797;1;36;A
T3;1337;2798;1;12;Z
T3;1337;2798;1;13;Z
T3;1337;2799;1;9;Z
T3;1338;2799;1;34;B
T3;1338;2800;2;9;Z
T3;1338;2800;1;47;C
T3;1338;2801;1;24;Z
T3;1339;2801;2;36;A
T3;1339;2802;1;5;Z
T3;1339;2802;1;6;Z
T3;1339;2803;2;8;Z
T3;1340;2803;2;45;D
T3;1340;2804;2;8;Z
T3;1340;2804;2;17;Z
T3;1340;2805;2;20;Z
T3;1341;2805;2;41;A
T3;1341;2806;2;2;Z
T3;1341;2806;1;0;Z
T3;1341;2807;2;33;A
T3;1342;2807;2;39;B
T3;1342;2808;2;22;Z
T3;1342;2808;1;6;Z
T3;1342;2809;1;14;Z
T3;1343;2809;2;41;D
T3;1343;2810;1;21;Z
T3;1343;2810;2;3;Z
T3;1343;2811;1;11;Z
T3;1344;2811;2;30;C
T3;1344;2812;2;7;Z
T3;1344;2812;1;21;Z
T3;1344;2813;2;18;Z
T3;1345;2813;2;53;D
T3;1345;2814;1;19;Z
T3;1345;2814;1;6;Z
T3;1345;2815;2;11;Z
T3;1346;2815;2;43;A
T3;1346;2816;1;20;Z
T3;1346;2816;2;9;Z
T3;1346;2817;2;8;Z
T3;1347;2817;1;50;D
T3;1347;2818;1;19;Z
T3;1347;2818;1;4;Z
T3;1347;2819;2;22;Z
T3;1348;2819;2;32;A
T3;1348;2820;2;11;Z
T3;1348;2820;1;8;Z
T3;1348;2821;2;6;Z
T3;1349;2821;2;39;D
T3;1349;2822;2;27;Z
T3;1349;2822;2;6;Z
T3;1349;2823;2;20;Z
T3;1350;2823;2;49;D
T3;1350;2824;2;14;Z
T3;1350;2824;1;24;Z
T3;1350;2825;1;6;Z
T3;1351;2825;2;40;D
T3;1351;2826;2;18;Z
T3;1351;2826;2;8;Z
T3;1351;2827;1;24;Z
T3;1352;2827;2;39;B
T3;1352;2828;1;45;A
T3;1352;2828;2;8;Z
T3;1352;2829;1;7;Z
T3;1353;2829;2;32;C
T3;1353;2830;1;19;Z
T3;1353;2830;1;5;Z
T3;1353;2831;1;15;Z
T3;1354;2831;1;36;A
T3;1354;2832;1;17;Z
T3;1354;2832;1;14;Z
T3;1354;2833;2;11;Z
T3;1355;2833;2;49;A
T3;1355;2834;2;7;Z
T3;1355;2834;2;17;Z
T3;1355;2835;2;10;Z
T3;1356;2835;2;41;D
T3;1356;2836;2;7;Z
T3;1356;2836;2;19;Z
T3;1356;2837;1;5;Z
T3;1357;2837;2;42;C
T3;1357;2838;1;4;Z
T3;1357;2838;2;2;Z
T3;1357;2839;1;14;Z
T3;1358;2839;2;40;C
T3;1358;2840;2;2;Z
T3;1358;2840;2;10;Z
T3;1358;2841;2;1;Z
T3;1359;2841;2;35;D
T3;1359;2842;1;10;Z
T3;1359;2842;1;5;Z
T3;1359;2843;1;24;Z
T3;1360;2843;2;42;D
T3;1360;2844;1;12;Z
T3;1360;2844;2;1;Z
T3;1360;2845;1;19;Z
T3;1361;2845;2;51;D
T3;1361;2846;2;9;Z
T3;1361;2846;1;15;Z
T3;1361;2847;1;14;Z
T3;1362;2847;1;44;D
T3;1362;2848;1;22;Z
T3;1362;2848;1;27;Z
T3;1362;2849;1;15;Z
T3;1363;2849;1;40;D
T3;1363;2850;1;13;Z
T3;1363;2850;2;12;Z
T3;1363;2851;1;28;Z
T3;1364;2851;2;25;Z
T3;1364;2852;1;10;Z
T3;1364;2852;2;18;Z
T3;1364;2853;1;28;Z
T3;1365;2853;2;40;D
T3;1365;2854;1;3;Z
T3;1365;2854;2;18;Z
T3;1365;2855;1;14;Z
T3;1366;2855;2;33;D
T3;1366;2856;2;25;Z
T3;1366;2856;2;10;Z
T3;1366;2857;2;1;Z
T3;1367;2857;2;43;D
T3;1367;2858;2;11;Z
T3;1367;2858;2;19;Z
T3;1367;2859;1;1;Z
T3;1368;2859;2;39;D
T3;1368;2860;1;9;Z
T3;1368;2860;2;17;Z
T3;1368;2861;2;9;Z
T3;1369;2861;2;42;D
T3;1369;2862;1;11;Z
T3;1369;2862;2;3;Z
T3;1369;2863;1;5;Z
T3;1370;2863;2;43;C
T3;1370;2864;1;9;Z
T3;1370;2864;1;10;Z
T3;1370;2865;1;10;Z
T3;1371;2865;2;37;D
T3;1371;2866;1;6;Z
T3;1371;2866;1;6;Z
T3;1371;2867;2;1;Z
T3;1372;2867;2;44;C
T3;1372;2868;1;20;Z
T3;1372;2868;2;12;Z
T3;1372;2869;2;5;Z
T3;1373;2869;2;44;B
T3;1373;2870;2;18;Z
T3;1373;2870;2;4;Z
T3;1373;2871;2;19;Z
T3;1374;2871;2;42;D
T3;1374;2872;2;9;Z
T3;1374;2872;2;18;Z
T3;1374;2873;2;24;Z
T3;1375;2873;2;32;D
T3;1375;2874;1;1;Z
T3;1375;2874;1;11;Z
T3;1375;2875;2;14;Z
T3;1376;2875;1;43;A
T3;1376;2876;1;5;Z
T3;1376;2876;1;5;Z
T3;1376;2877;1;7;Z
T3;1377;2877;2;43;B
T3;1377;2878;2;16;Z
T3;1377;2878;1;15;Z
T3;1377;2879;2;16;Z
T3;1378;2879;2;39;C
T3;1378;2880;1;18;Z
T3;1378;2880;1;13;Z
T3;1378;2881;2;0;Z
T3;1379;2881;1;51;D
T3;1379;2882;1;2;Z
T3;1379;2882;2;5;Z
T3;1379;2883;2;11;Z
T3;1380;2883;2;35;D
T3;1380;2884;1;18;Z
T3;1380;2884;2;13;Z
T3;1380;2885;1;0;Z
T3;1381;2885;2;34;A
T3;1381;2886;1;10;Z
T3;1381;2886;1;22;Z
T3;1381;2887;2;13;Z
T3;1382;2887;2;35;C
T3;1382;2888;1;16;Z
T3;1382;2888;2;13;Z
T3;1382;2889;2;28;Z
T3;1383;2889;2;44;C
T3;1383;2890;1;13;Z
T3;1383;2890;1;12;Z
T3;1383;2891;2;18;Z
T3;1384;2891;2;47;B
T3;1384;2892;1;20;Z
T3;1384;2892;1;24;Z
T3;1384;2893;1;11;Z
T3;1385;2893;2;33;D
T3;1385;2894;2;13;Z
T3;1385;2894;2;3;Z
T3;1385;2895;1;5;Z
T3;1386;2895;2;43;A
T3;1386;2896;2;15;Z
T3;1386;2896;2;2;Z
T3;1386;2897;2;1;Z
T3;1387;2897;2;47;D
T3;1387;2898;1;14;Z
T3;1387;2898;2;11;Z
T3;1387;2899;1;5;Z
T3;1388;2899;1;39;D
T3;1388;2900;2;5;Z
T3;1388;2900;1;4;Z
T3;1388;2901;1;9;Z
T3;1389;2901;2;31;C
T3;1389;2902;2;16;Z
T3;1389;2902;1;8;Z
T3;1389;2903;2;24;Z
T3;1390;2903;2;39;D
T3;1390;2904;2;5;Z
T3;1390;2904;1;4;Z
T3;1390;2905;2;14;Z
T3;1391;2905;2;46;C
T3;1391;2906;1;9;Z
T3;1391;2906;1;9;Z
T3;1391;2907;1;11;Z
T3;1392;2907;1;33;B
T3;1392;2908;2;7;Z
T3;1392;2908;1;9;Z
T3;1392;2909;2;2;Z
T3;1393;2909;1;34;D
T3;1393;2910;1;17;Z
T3;1393;2910;1;9;Z
T3;1393;2911;2;1;Z
T3;1394;2911;2;44;D
T3;1394;2912;1;5;Z
T3;1394;2912;2;4;Z
T3;1394;2913;1;20;Z
T3;1395;2913;2;45;D
T3;1395;2914;2;20;Z
T3;1395;2914;1;0;Z
T3;1395;2915;2;17;Z
T3;1396;2915;2;41;D
T3;1396;2916;1;24;Z
T3;1396;2916;1;10;Z
T3;1396;2917;2;9;Z
T3;1397;2917;2;41;B
T3;1397;2918;2;6;Z
T3;1397;2918;2;11;Z
T3;1397;2919;1;3;Z
T3;1398;2919;2;36;C
T3;1398;2920;2;5;Z
T3;1398;2920;1;7;Z
T3;1398;2921;1;13;Z
T3;1399;2921;2;43;B
T3;1399;2922;2;23;Z
T3;1399;2922;1;19;Z
T3;1399;2923;1;24;Z
T3;1400;2923;2;33;C
T3;1400;2924;2;21;Z
T3;1400;2924;2;22;Z
T3;1400;2925;1;19;Z
T3;1401;2925;2;39;D
T3;1401;2926;2;23;Z
T3;1401;2926;1;23;Z
T3;1401;2927;1;48;B
T3;1402;2927;2;39;D
T3;1402;2928;2;21;Z
T3;1402;2928;2;14;Z
T3;1402;2929;2;18;Z
T3;1403;2929;2;40;B
T3;1403;2930;1;23;Z
T3;1403;2930;1;6;Z
T3;1403;2931;1;23;Z
T3;1404;2931;1;34;C
T3;1404;2932;1;7;Z
T3;1404;2932;1;23;Z
T3;1404;2933;1;12;Z
T3;1405;2933;2;48;B
T3;1405;2934;2;18;Z
T3;1405;2934;1;24;Z
T3;1405;2935;2;10;Z
T3;1406;2935;2;42;A
T3;1406;2936;2;0;Z
T3;1406;2936;2;12;Z
T3;1406;2937;1;7;Z
T3;1407;2937;1;54;B
T3;1407;2938;2;5;Z
T3;1407;2938;1;9;Z
T3;1407;2939;1;6;Z
T3;1408;2939;2;35;B
T3;1408;2940;2;21;Z
T3;1408;2940;2;34;A
T3;1408;2941;1;15;Z
T3;1409;2941;2;43;D
T3;1409;2942;1;15;Z
T3;1409;2942;2;15;Z
T3;1409;2943;2;7;Z
T3;1410;2943;1;30;C
T3;1410;2944;2;38;B
T3;1410;2944;1;8;Z
T3;1410;2945;2;12;Z
T3;1411;2945;2;38;A
T3;1411;2946;2;19;Z
T3;1411;2946;2;8;Z
T3;1411;2947;2;2;Z
T3;1412;2947;2;41;D
T3;1412;2948;2;7;Z
T3;1412;2948;1;18;Z
T3;1412;2949;1;12;Z
T3;1413;2949;2;30;B
T3;1413;2950;1;9;Z
T3;1413;2950;1;27;Z
T3;1413;2951;1;18;Z
T3;1414;2951;1;52;D
T3;1414;2952;1;15;Z
T3;1414;2952;2;3;Z
T3;1414;2953;1;23;Z
T3;1415;2953;2;43;D
T3;1415;2954;1;12;Z
T3;1415;2954;2;3;Z
T3;1415;2955;2;17;Z
T3;1416;2955;2;41;A
T3;1416;2956;1;26;Z
T3;1416;2956;1;13;Z
T3;1416;2957;2;4;Z
T3;1417;2957;1;32;D
T3;1417;2958;2;10;Z
T3;1417;2958;2;10;Z
T3;1417;2959;1;2;Z
T3;1418;2959;2;37;B
T3;1418;2960;1;17;Z
T3;1418;2960;1;0;Z
T3;1418;2961;1;5;Z
T3;1419;2961;2;28;Z
T3;1419;2962;1;18;Z
T3;1419;2962;1;6;Z
T3;1419;2963;1;10;Z
T3;1420;2963;2;45;B
T3;1420;2964;2;14;Z
T3;1420;2964;1;28;Z
T3;1420;2965;1;15;Z
T3;1421;2965;2;51;B
T3;1421;2966;1;7;Z
T3;1421;2966;1;4;Z
T3;1421;2967;1;14;Z
T3;1422;2967;2;37;B
T3;1422;2968;2;10;Z
T3;1422;2968;1;16;Z
T3;1422;2969;2;7;Z
T3;1423;2969;2;51;D
T3;1423;2970;1;1;Z
T3;1423;2970;2;37;D
T3;1423;2971;1;14;Z
T3;1424;2971;2;42;C
T3;1424;2972;1;8;Z
T3;1424;2972;1;23;Z
T3;1424;2973;1;25;Z
T3;1425;2973;1;44;B
T3;1425;2974;1;8;Z
T3;1425;2974;2;21;Z
T3;1425;2975;1;6;Z
T3;1426;2975;1;32;D
T3;1426;2976;2;10;Z
T3;1426;2976;1;11;Z
T3;1426;2977;1;15;Z
T3;1427;2977;2;35;D
T3;1427;2978;1;15;Z
T3;1427;2978;2;10;Z
T3;1427;2979;1;20;Z
T3;1428;2979;2;42;A
T3;1428;2980;1;8;Z
T3;1428;2980;1;10;Z
T3;1428;2981;1;16;Z
T3;1429;2981;1;42;A
T3;1429;2982;2;15;Z
T3;1429;2982;1;6;Z
T3;1429;2983;2;12;Z
T3;1430;2983;2;36;D
T3;1430;2984;2;17;Z
T3;1430;2984;2;28;Z
T3;1430;2985;1;14;Z
T3;1431;2985;2;58;A
T3;1431;2986;1;25;Z
T3;1431;2986;1;4;Z
T3;1431;2987;1;12;Z
T3;1432;2987;1;34;C
T3;1432;2988;2;11;Z
T3;1432;2988;1;15;Z
T3;1432;2989;1;2;Z
T3;1433;2989;2;26;Z
T3;1433;2990;2;20;Z
T3;1433;2990;1;21;Z
T3;1433;2991;2;4;Z
T3;1434;2991;2;38;A
T3;1434;2992;1;2;Z
T3;1434;2992;2;13;Z
T3;1434;2993;2;3;Z
T3;1435;2993;2;36;D
T3;1435;2994;2;34;D
T3;1435;2994;2;3;Z
T3;1435;2995;2;7;Z
T3;1436;2995;2;39;C
T3;1436;2996;2;22;Z
T3;1436;2996;1;26;Z
T3;1436;2997;1;11;Z
T3;1437;2997;2;43;C
T3;1437;2998;1;6;Z
T3;1437;2998;2;10;Z
T3;1437;2999;1;16;Z
T3;1438;2999;1;37;B
T3;1438;3000;1;2;Z
T3;1438;3000;2;14;Z
T3;1438;3001;1;13;Z
T3;1439;3001;2;42;B
T3;1439;3002;1;28;Z
T3;1439;3002;2;5;Z
T3;1439;3003;2;3;Z
T3;1440;3003;2;28;Z
T3;1440;3004;2;16;Z
T3;1440;3004;2;8;Z
T3;1440;3005;2;7;Z
T3;1441;3005;2;51;D
T3;1441;3006;2;23;Z
T3;1441;3006;1;23;Z
T3;1441;3007;1;16;Z
T3;1442;3007;2;43;D
T3;1442;3008;1;18;Z
T3;1442;3008;2;17;Z
T3;1442;3009;2;16;Z
T3;1443;3009;2;44;B
T3;1443;3010;2;13;Z
T3;1443;3010;2;22;Z
T3;1443;3011;1;46;D
T3;1444;3011;1;34;B
T3;1444;3012;1;5;Z
T3;1444;3012;1;19;Z
T3;1444;3013;2;9;Z
T3;1445;3013;2;43;D
T3;1445;3014;1;11;Z
T3;1445;3014;2;7;Z
T3;1445;3015;1;26;Z
T3;1446;3015;2;40;D
T3;1446;3016;1;8;Z
T3;1446;3016;2;6;Z
T3;1446;3017;1;14;Z
T3;1447;3017;2;38;C
T3;1447;3018;1;20;Z
T3;1447;3018;1;5;Z
T3;1447;3019;2;16;Z
T3;1448;3019;1;42;D
T3;1448;3020;1;23;Z
T3;1448;3020;1;11;Z
T3;1448;3021;2;12;Z
T3;1449;3021;2;44;B
T3;1449;3022;2;19;Z
T3;1449;3022;1;10;Z
T3;1449;3023;1;1;Z
T3;1450;3023;2;41;D
T3;1450;3024;1;17;Z
T3;1450;3024;1;26;Z
T3;1450;3025;1;9;Z
T3;1451;3025;2;40;D
T3;1451;3026;2;9;Z
T3;1451;3026;2;6;Z
T3;1451;3027;1;24;Z
T3;1452;3027;2;39;B
T3;1452;3028;2;19;Z
T3;1452;3028;2;7;Z
T3;1452;3029;2;5;Z
T3;1453;3029;2;42;D
T3;1453;3030;1;6;Z
T3;1453;3030;1;8;Z
T3;1453;3031;1;30;D
T3;1454;3031;2;44;C
T3;1454;3032;2;12;Z
T3;1454;3032;1;6;Z
T3;1454;3033;1;9;Z
T3;1455;3033;2;57;B
T3;1455;3034;2;6;Z
T3;1455;3034;1;15;Z
T3;1455;3035;2;39;A
T3;1456;3035;1;30;A
T3;1456;3036;1;22;Z
T3;1456;3036;2;8;Z
T3;1456;3037;1;0;Z
T3;1457;3037;2;44;C
T3;1457;3038;1;14;Z
T3;1457;3038;1;24;Z
T3;1457;3039;2;8;Z
T3;1458;3039;2;41;D
T3;1458;3040;2;36;B
T3;1458;3040;1;9;Z
T3;1458;3041;1;11;Z
T3;1459;3041;2;58;B
T3;1459;3042;2;37;C
T3;1459;3042;2;24;Z
T3;1459;3043;1;10;Z
T3;1460;3043;2;53;D
T3;1460;3044;2;7;Z
T3;1460;3044;1;15;Z
T3;1460;3045;2;2;Z
T3;1461;3045;2;39;B
T3;1461;3046;1;9;Z
T3;1461;3046;1;23;Z
T3;1461;3047;2;12;Z
T3;1462;3047;2;41;D
T3;1462;3048;1;9;Z
T3;1462;3048;1;9;Z
T3;1462;3049;1;9;Z
T3;1463;3049;2;48;A
T3;1463;3050;2;0;Z
T3;1463;3050;2;19;Z
T3;1463;3051;1;15;Z
T3;1464;3051;2;42;D
T3;1464;3052;2;30;A
T3;1464;3052;1;24;Z
T3;1464;3053;1;11;Z
T3;1465;3053;2;37;D
T3;1465;3054;1;22;Z
T3;1465;3054;1;11;Z
T3;1465;3055;1;5;Z
T3;1466;3055;2;55;B
T3;1466;3056;2;38;A
T3;1466;3056;2;20;Z
T3;1466;3057;2;8;Z
T3;1467;3057;2;43;A
T3;1467;3058;1;23;Z
T3;1467;3058;2;17;Z
T3;1467;3059;2;35;D
T3;1468;3059;2;55;D
T3;1468;3060;1;17;Z
T3;1468;3060;1;22;Z
T3;1468;3061;1;7;Z
T3;1469;3061;2;35;C
T3;1469;3062;1;10;Z
T3;1469;3062;1;8;Z
T3;1469;3063;2;7;Z
T3;1470;3063;2;42;C
T3;1470;3064;1;12;Z
T3;1470;3064;1;5;Z
T3;1470;3065;2;16;Z
T3;1471;3065;2;44;A
T3;1471;3066;1;11;Z
T3;1471;3066;2;6;Z
T3;1471;3067;2;19;Z
T3;1472;3067;1;42;C
T3;1472;3068;1;1;Z
T3;1472;3068;2;16;Z
T3;1472;3069;1;6;Z
T3;1473;3069;2;38;C
T3;1473;3070;2;19;Z
T3;1473;3070;1;13;Z
T3;1473;3071;1;21;Z
T3;1474;3071;2;55;C
T3;1474;3072;2;18;Z
T3;1474;3072;2;4;Z
T3;1474;3073;1;45;D
T3;1475;3073;2;51;A
T3;1475;3074;1;9;Z
T3;1475;3074;2;24;Z
T3;1475;3075;1;12;Z
T3;1476;3075;2;44;C
T3;1476;3076;1;3;Z
T3;1476;3076;1;21;Z
T3;1476;3077;1;24;Z
T3;1477;3077;2;35;D
T3;1477;3078;2;24;Z
T3;1477;3078;1;11;Z
T3;1477;3079;1;9;Z
T3;1478;3079;2;38;C
T3;1478;3080;1;19;Z
T3;1478;3080;2;23;Z
T3;1478;3081;1;10;Z
T3;1479;3081;2;39;D
T3;1479;3082;1;16;Z
T3;1479;3082;2;2;Z
T3;1479;3083;2;13;Z
T3;1480;3083;2;31;D
T3;1480;3084;2;2;Z
T3;1480;3084;2;14;Z
T3;1480;3085;1;14;Z
T3;1481;3085;2;43;D
T3;1481;3086;1;28;Z
T3;1481;3086;2;9;Z
